"Molecule.ChEMBL.ID","Smiles","Standard.Type","Standard.Relation","Standard.Value","Standard.Units","pChEMBL.Value","Target.ChEMBL.ID","Target.Name","Document.ChEMBL.ID","Assay.Description","Document.Journal","Document.Year","X.RO5.Violations","Molecular.Weight","AlogP"
"CHEMBL3786230","COc1ccc(-c2sc(NC(=O)C(C)(C)C)nc2C)cc1S(=O)(=O)Nc1ccc(O)cc1","IC50","'='",6760.83,"nM",5.17,"CHEMBL4303835","SARS-CoV-2","CHEMBL4303773","IC50 for antiviral activity against SARS-CoV-2 in the Vero E6 cell line at 48 h by immunofluorescence-based assay (detecting the viral NP protein in the nucleus of the Vero E6 cells).","Nature",2020,"0","475.59","4.62"
"CHEMBL2094620","C/C(=N/Nc1nnc2c(n1)[nH]c1c(C)cccc12)c1ccccn1","IC50","'='",240,"nM",6.62,"CHEMBL4303835","SARS-CoV-2","CHEMBL4303101","Determination of IC50 values for inhibition of SARS-CoV-2 induced cytotoxicity of Caco-2 cells after 48 hours by high content imaging","",2020,"0","317.36","3.05"
"CHEMBL1316965","CCOc1ccc(Cc2nccc3cc(OCC)c(OCC)cc23)cc1OCC","IC50","'='",640,"nM",6.19,"CHEMBL4303835","SARS-CoV-2","CHEMBL4303101","Determination of IC50 values for inhibition of SARS-CoV-2 induced cytotoxicity of Caco-2 cells after 48 hours by high content imaging","",2020,"1","431.96","5.42"
"CHEMBL2333770","CC(C)(C)c1ccccc1Oc1ncccc1NC(=O)Nc1ccc(OC(F)(F)F)cc1","IC50","'='",7000,"nM",5.16,"CHEMBL4303835","SARS-CoV-2","CHEMBL4495565","Determination of IC50 values for inhibition of SARS-CoV-2 induced cytotoxicity of VERO-E6 cells after 48 hours  exposure to 0.01 MOI SARS CoV-2 virus by high content imaging","",2020,"1","445.44","6.71"
"CHEMBL298734","NC(=O)N1CCC(CC(=O)N2CCC([C@H]3c4ncc(Br)cc4CCc4cc(Cl)cc(Br)c43)CC2)CC1","IC50","'='",5680,"nM",5.25,"CHEMBL4303835","SARS-CoV-2","CHEMBL4303101","Determination of IC50 values for inhibition of SARS-CoV-2 induced cytotoxicity of Caco-2 cells after 48 hours by high content imaging","",2020,"2","638.83","5.91"
"CHEMBL444186","CC(CN1CC(=O)NC(=O)C1)N1CC(=O)NC(=O)C1","IC50","'='",3190,"nM",5.5,"CHEMBL4523582","Replicase polyprotein 1ab","CHEMBL4495564","SARS-CoV-2 3CL-Pro protease inhibition IC50 determined by FRET kind of response from peptide substrate","",2020,"0","268.27","-2.71"
"CHEMBL3353410","C=CC(=O)Nc1cc(Nc2nccc(-c3cn(C)c4ccccc34)n2)c(OC)cc1N(C)CCN(C)C","IC50","'='",3260,"nM",5.49,"CHEMBL4303835","SARS-CoV-2","CHEMBL4303084","Antiviral activity against SARS-CoV-2 (viral titer) measured by plaque assay in Vero cells at MOI 0.0125 after 24 hr","",2020,"0","499.62","4.51"
"CHEMBL600325","C[C@@H]1O[C@@H](O[C@@H]2C=C3CC[C@@H]4[C@H](CC[C@]5(C)[C@@H](c6ccc(=O)oc6)CC[C@]45O)[C@@]3(C)CC2)[C@H](O)[C@H](O)[C@H]1O","IC50","'='",2040,"nM",5.69,"CHEMBL4303835","SARS-CoV-2","CHEMBL4303084","Antiviral activity against SARS-CoV-2 (viral titer) measured by plaque assay in Vero cells at MOI 0.0125 after 24 hr","",2020,"1","530.66","3.01"
"CHEMBL1401","CC(=O)Oc1ccccc1C(=O)Nc1ncc([N+](=O)[O-])s1","IC50","'='",2818.38,"nM",5.55,"CHEMBL4303835","SARS-CoV-2","CHEMBL4303773","IC50 for antiviral activity against SARS-CoV-2 in the Vero E6 cell line at 48 h by immunofluorescence-based assay (detecting the viral NP protein in the nucleus of the Vero E6 cells).","Nature",2020,"0","307.29","2.23"
"CHEMBL461101","CC1=NN(c2ccc(C)c(C)c2)C(=O)/C1=N\Nc1cccc(-c2cccc(C(=O)O)c2)c1O","IC50","'='",8270,"nM",5.08,"CHEMBL4303835","SARS-CoV-2","CHEMBL4303084","Antiviral activity against SARS-CoV-2 (viral titer) measured by plaque assay in Vero cells at MOI 0.0125 after 24 hr","",2020,"0","442.48","4.56"
"CHEMBL2364622","NS(=O)(=O)OC[C@@H]1C[C@@H](n2ccc3c(N[C@H]4CCc5ccccc54)ncnc32)C[C@@H]1O","IC50","'='",630,"nM",6.2,"CHEMBL4303835","SARS-CoV-2","CHEMBL4303101","Determination of IC50 values for inhibition of SARS-CoV-2 induced cytotoxicity of Caco-2 cells after 48 hours by high content imaging","",2020,"0","479.99","2.06"
"CHEMBL1200848","CCCCCC(=O)O[C@]1(C(C)=O)CC[C@H]2[C@@H]3CCC4=CC(=O)CC[C@]4(C)[C@H]3CC[C@@]21C","IC50","'='",6300,"nM",5.2,"CHEMBL4303835","SARS-CoV-2","CHEMBL4303084","Antiviral activity against SARS-CoV-2 (viral titer) measured by plaque assay in Vero cells at MOI 0.0125 after 24 hr","",2020,"1","428.61","5.97"
"CHEMBL2105760","O=c1ccc2ccc(OCCCCN3CCN(c4cccc5sccc45)CC3)cc2[nH]1","IC50","'='",16040,"nM",4.79,"CHEMBL4303835","SARS-CoV-2","CHEMBL4303101","Determination of IC50 values for inhibition of SARS-CoV-2 induced cytotoxicity of Caco-2 cells after 48 hours by high content imaging","",2020,"0","433.58","4.72"
"CHEMBL53325","COc1cccc2c1CCCC2CCCN1CCN(C2CCCCC2)CC1","IC50","'='",677.64,"nM",6.17,"CHEMBL4303835","SARS-CoV-2","CHEMBL4303773","IC50 for antiviral activity against SARS-CoV-2 in the Vero E6 cell line at 48 h by immunofluorescence-based assay (detecting the viral NP protein in the nucleus of the Vero E6 cells).","Nature",2020,"0","370.58","4.85"
"CHEMBL78150","CC(C)(C)c1cc(C=C(C#N)C#N)cc(C(C)(C)C)c1O","IC50","'='",830,"nM",6.08,"CHEMBL4303835","SARS-CoV-2","CHEMBL4495565","Determination of IC50 values for inhibition of SARS-CoV-2 induced cytotoxicity of VERO-E6 cells after 48 hours  exposure to 0.01 MOI SARS CoV-2 virus by high content imaging","",2020,"0","282.39","4.42"
"CHEMBL1201073","O=C(O)[C@H](S)[C@H](S)C(=O)O","IC50","'='",1720,"nM",5.76,"CHEMBL4523582","Replicase polyprotein 1ab","CHEMBL4495564","SARS-CoV-2 3CL-Pro protease inhibition IC50 determined by FRET kind of response from peptide substrate","",2020,"0","182.22","-0.25"
"CHEMBL4073443","Cc1cc(Nc2cc(N)ncn2)c(=O)n2c1C(=O)NC21CCCCC1","IC50","'='",346.74,"nM",6.46,"CHEMBL4303835","SARS-CoV-2","CHEMBL4303773","IC50 for antiviral activity against SARS-CoV-2 in the Vero E6 cell line at 48 h by immunofluorescence-based assay (detecting the viral NP protein in the nucleus of the Vero E6 cells).","Nature",2020,"0","340.39","1.63"
"CHEMBL4303782","COc1cc2c(c(OC)n1)[C@]1(O)[C@H](O)[C@H](CN(C)C)[C@@H](c3ccccc3)[C@]1(c1ccc(C#N)cc1)O2","IC50","'='",177.42,"nM",6.75,"CHEMBL4303835","SARS-CoV-2","CHEMBL4303773","IC50 for antiviral activity against SARS-CoV-2 in the Vero E6 cell line at 48 h by immunofluorescence-based assay (detecting the viral NP protein in the nucleus of the Vero E6 cells).","Nature",2020,"0","487.56","2.78"
"CHEMBL3545097","CC(C)n1nc(-c2ccc3oc(N)nc3c2)c2c(N)ncnc21","IC50","'='",135831.34,"nM",NA,"CHEMBL4303835","SARS-CoV-2","CHEMBL4303773","IC50 for antiviral activity against SARS-CoV-2 in the Vero E6 cell line at 48 h by immunofluorescence-based assay (detecting the viral NP protein in the nucleus of the Vero E6 cells).","Nature",2020,"0","309.33","2.38"
"CHEMBL290106","Oc1c(Cl)cc(Cl)cc1Sc1cc(Cl)cc(Cl)c1O","IC50","'='",19100,"nM",4.72,"CHEMBL4303835","SARS-CoV-2","CHEMBL4495565","Determination of IC50 values for inhibition of SARS-CoV-2 induced cytotoxicity of VERO-E6 cells after 48 hours  exposure to 0.01 MOI SARS CoV-2 virus by high content imaging","",2020,"1","356.06","5.86"
"CHEMBL4303199","OCCNC1CCCc2c1[nH]c1ccc(-c3ccccc3)cc21","IC50","'='",14150,"nM",4.85,"CHEMBL4303835","SARS-CoV-2","CHEMBL4495565","Determination of IC50 values for inhibition of SARS-CoV-2 induced cytotoxicity of VERO-E6 cells after 48 hours  exposure to 0.01 MOI SARS CoV-2 virus by high content imaging","",2020,"0","306.41","3.79"
"CHEMBL3181957","C=CCNc1nc(NCC=C)nc(N2CCN(C(c3ccc(F)cc3)c3ccc(F)cc3)CC2)n1","IC50","'='",1420,"nM",5.85,"CHEMBL4303835","SARS-CoV-2","CHEMBL4303101","Determination of IC50 values for inhibition of SARS-CoV-2 induced cytotoxicity of Caco-2 cells after 48 hours by high content imaging","",2020,"0","669.78","4.26"
"CHEMBL85164","CN(C)C(=O)COC(=O)Cc1ccc(OC(=O)c2ccc(NC(=N)N)cc2)cc1","IC50","'='",640,"nM",6.19,"CHEMBL4303835","SARS-CoV-2","CHEMBL4303101","Determination of IC50 values for inhibition of SARS-CoV-2 induced cytotoxicity of Caco-2 cells after 48 hours by high content imaging","",2020,"0","494.53","1.39"
"CHEMBL1751","C[C@H]1O[C@@H](O[C@H]2[C@@H](O)C[C@H](O[C@H]3[C@@H](O)C[C@H](O[C@H]4CC[C@]5(C)[C@H]6C[C@@H](O)[C@]7(C)[C@@H](C8=CC(=O)OC8)CC[C@]7(O)[C@@H]6CC[C@@H]5C4)O[C@@H]3C)O[C@@H]2C)C[C@H](O)[C@@H]1O","IC50","'='",190,"nM",6.72,"CHEMBL4303835","SARS-CoV-2","CHEMBL4303084","Antiviral activity against SARS-CoV-2 (viral titer) measured by plaque assay in Vero cells at MOI 0.0125 after 24 hr","",2020,"3","780.95","2.22"
"CHEMBL184412","CCCCc1oc2ccc(NS(C)(=O)=O)cc2c1C(=O)c1ccc(OCCCN(CCCC)CCCC)cc1","IC50","'='",3920,"nM",5.41,"CHEMBL4303835","SARS-CoV-2","CHEMBL4303084","Antiviral activity against SARS-CoV-2 (viral titer) measured by plaque assay in Vero cells at MOI 0.0125 after 24 hr","",2020,"2","556.77","7.05"
"CHEMBL264241","CCCCCOc1ccc(-c2ccc(-c3ccc(C(=O)N[C@H]4C[C@@H](O)[C@@H](O)NC(=O)[C@@H]5[C@@H](O)[C@@H](C)CN5C(=O)[C@H]([C@@H](C)O)NC(=O)[C@H]([C@H](O)[C@@H](O)c5ccc(O)cc5)NC(=O)[C@@H]5C[C@@H](O)CN5C(=O)[C@H]([C@@H](C)O)NC4=O)cc3)cc2)cc1","IC50","'='",4640,"nM",5.33,"CHEMBL4303835","SARS-CoV-2","CHEMBL4303084","Antiviral activity against SARS-CoV-2 (viral titer) measured by plaque assay in Vero cells at MOI 0.0125 after 24 hr","",2020,"None","1140.25","None"
"CHEMBL3747259","O=C(/C=C/c1ccc(O)c2c1[C@@H](C(=O)O[C@H](Cc1ccc(O)c(O)c1)C(=O)O)[C@H](c1ccc(O)c(O)c1)O2)O[C@H](Cc1ccc(O)c(O)c1)C(=O)O","IC50","'='",3420,"nM",5.47,"CHEMBL4523582","Replicase polyprotein 1ab","CHEMBL4495564","SARS-CoV-2 3CL-Pro protease inhibition IC50 determined by FRET kind of response from peptide substrate","",2020,"3","718.62","3.33"
"CHEMBL36342","CCCCCCCCN=c1ccn(CCCCCCCCCCn2ccc(=NCCCCCCCC)cc2)cc1","IC50","'='",1650,"nM",5.78,"CHEMBL4303835","SARS-CoV-2","CHEMBL4303101","Determination of IC50 values for inhibition of SARS-CoV-2 induced cytotoxicity of Caco-2 cells after 48 hours by high content imaging","",2020,"2","623.84","9.63"
"CHEMBL3989553","N=C(N)Nc1ccc(C(=O)Oc2ccc3cc(C(=N)N)ccc3c2)cc1","IC50","'='",40,"nM",7.4,"CHEMBL4303835","SARS-CoV-2","CHEMBL4303101","Determination of IC50 values for inhibition of SARS-CoV-2 induced cytotoxicity of Caco-2 cells after 48 hours by high content imaging","",2020,"0","539.59","2.65"
"CHEMBL488755","CN(C)CCNc1nc2cc(O)ccc2c2c1C(=O)c1ccccc1-2","IC50","'='",2990,"nM",5.52,"CHEMBL4523582","Replicase polyprotein 1ab","CHEMBL4495564","SARS-CoV-2 3CL-Pro protease inhibition IC50 determined by FRET kind of response from peptide substrate","",2020,"0","333.39","3.13"
"CHEMBL4303331","C[C@@H]1O[C@@H](Oc2c(-c3cc(O)c(O)c(O)c3)oc3cc(O)cc(O)c3c2=O)[C@@H](O)[C@H](O)[C@H]1O","IC50","'='",3660,"nM",5.44,"CHEMBL4523582","Replicase polyprotein 1ab","CHEMBL4495564","SARS-CoV-2 3CL-Pro protease inhibition IC50 determined by FRET kind of response from peptide substrate","",2020,"2","464.38","0.19"
"CHEMBL1922094","Cc1c(CN2CCN(C(=O)[C@H](C)O)CC2)sc2c(N3CCOCC3)nc(-c3cnc(N)nc3)nc12","IC50","'='",2310,"nM",5.64,"CHEMBL4303835","SARS-CoV-2","CHEMBL4495565","Determination of IC50 values for inhibition of SARS-CoV-2 induced cytotoxicity of VERO-E6 cells after 48 hours  exposure to 0.01 MOI SARS CoV-2 virus by high content imaging","",2020,"1","498.61","0.90"
"CHEMBL1908391","Cc1ccc(NC(=O)c2ccc(CN3CCN(C)CC3)cc2)cc1Nc1nc(-c2cccnc2)cs1","IC50","'='",11900,"nM",4.92,"CHEMBL4303835","SARS-CoV-2","CHEMBL4495565","Determination of IC50 values for inhibition of SARS-CoV-2 induced cytotoxicity of VERO-E6 cells after 48 hours  exposure to 0.01 MOI SARS CoV-2 virus by high content imaging","",2020,"1","498.66","5.26"
"CHEMBL481512","CC1(N2CCC(n3c([C@@H]4CCCNC4)nc4ccccc43)CC2)CCCCCCC1","IC50","'='",13140,"nM",4.88,"CHEMBL4303835","SARS-CoV-2","CHEMBL4495565","Determination of IC50 values for inhibition of SARS-CoV-2 induced cytotoxicity of VERO-E6 cells after 48 hours  exposure to 0.01 MOI SARS CoV-2 virus by high content imaging","",2020,"1","408.63","5.64"
"CHEMBL34259","CN(Cc1cnc2nc(N)nc(N)c2n1)c1ccc(C(=O)N[C@@H](CCC(=O)O)C(=O)O)cc1","IC50","'='",50,"nM",7.3,"CHEMBL4303835","SARS-CoV-2","CHEMBL4495565","Determination of IC50 values for inhibition of SARS-CoV-2 induced cytotoxicity of VERO-E6 cells after 48 hours  exposure to 0.01 MOI SARS CoV-2 virus by high content imaging","",2020,"0","454.45","0.27"
"CHEMBL2354521","COc1cccc(C(=O)CCN[C@@H](C)[C@H](O)c2ccccc2)c1","IC50","'='",2350,"nM",5.63,"CHEMBL4523582","Replicase polyprotein 1ab","CHEMBL4495564","SARS-CoV-2 3CL-Pro protease inhibition IC50 determined by FRET kind of response from peptide substrate","",2020,"0","349.86","2.98"
"CHEMBL17645","Nc1nc(NC[C@H]2CC[C@H](CNS(=O)(=O)c3cccc4ccccc34)CC2)nc2ccccc12","IC50","'='",7360,"nM",5.13,"CHEMBL4303835","SARS-CoV-2","CHEMBL4495565","Determination of IC50 values for inhibition of SARS-CoV-2 induced cytotoxicity of VERO-E6 cells after 48 hours  exposure to 0.01 MOI SARS CoV-2 virus by high content imaging","",2020,"0","475.62","4.56"
"CHEMBL243652","O=C(CC1Sc2ncnn2C1=O)Nc1ccc(Br)cc1","IC50","'='",2040,"nM",5.69,"CHEMBL4523582","Replicase polyprotein 1ab","CHEMBL4495564","SARS-CoV-2 3CL-Pro protease inhibition IC50 determined by FRET kind of response from peptide substrate","",2020,"0","353.20","2.18"
"CHEMBL3301610","CCN1CCN(Cc2ccc(Nc3ncc(F)c(-c4cc(F)c5nc(C)n(C(C)C)c5c4)n3)nc2)CC1","IC50","'='",6620,"nM",5.18,"CHEMBL4303835","SARS-CoV-2","CHEMBL4303084","Antiviral activity against SARS-CoV-2 (viral titer) measured by plaque assay in Vero cells at MOI 0.0125 after 24 hr","",2020,"1","506.61","4.94"
"CHEMBL3301622","CCc1nc(C(N)=O)c(Nc2ccc(N3CCC(N4CCN(C)CC4)CC3)c(OC)c2)nc1NC1CCOCC1","IC50","'='",6760,"nM",5.17,"CHEMBL4303835","SARS-CoV-2","CHEMBL4303084","Antiviral activity against SARS-CoV-2 (viral titer) measured by plaque assay in Vero cells at MOI 0.0125 after 24 hr","",2020,"1","552.72","2.70"
"CHEMBL1200485","CNC(=O)c1cc(Oc2ccc(NC(=O)Nc3ccc(Cl)c(C(F)(F)F)c3)cc2)ccn1","IC50","'='",1550,"nM",5.81,"CHEMBL4303835","SARS-CoV-2","CHEMBL4303101","Determination of IC50 values for inhibition of SARS-CoV-2 induced cytotoxicity of Caco-2 cells after 48 hours by high content imaging","",2020,"1","637.04","5.55"
"CHEMBL261641","Cc1[nH]c(/C=C2\C(=O)Nc3ccc(S(=O)(=O)N(C)c4cccc(Cl)c4)cc32)c(C)c1C(=O)N1CCN(C)CC1","IC50","'='",10870,"nM",4.96,"CHEMBL4303835","SARS-CoV-2","CHEMBL4495565","Determination of IC50 values for inhibition of SARS-CoV-2 induced cytotoxicity of VERO-E6 cells after 48 hours  exposure to 0.01 MOI SARS CoV-2 virus by high content imaging","",2020,"1","568.10","3.99"
"CHEMBL259018","CC(C)(C)OC(=O)NCCc1nnc(S(=O)(=O)Cc2ccc(Cl)cc2Cl)o1","IC50","'='",4220,"nM",5.38,"CHEMBL4523582","Replicase polyprotein 1ab","CHEMBL4495564","SARS-CoV-2 3CL-Pro protease inhibition IC50 determined by FRET kind of response from peptide substrate","",2020,"0","436.32","3.42"
"CHEMBL284861","Cn1sc(=O)n(Cc2ccccc2)c1=O","IC50","'='",140,"nM",6.85,"CHEMBL4523582","Replicase polyprotein 1ab","CHEMBL4495564","SARS-CoV-2 3CL-Pro protease inhibition IC50 determined by FRET kind of response from peptide substrate","",2020,"0","222.27","0.66"
"CHEMBL587723","CCN1CCN(Cc2ccc(-c3cc4c(N[C@H](C)c5ccccc5)ncnc4[nH]3)cc2)CC1","IC50","'='",3940,"nM",5.41,"CHEMBL4303835","SARS-CoV-2","CHEMBL4495565","Determination of IC50 values for inhibition of SARS-CoV-2 induced cytotoxicity of VERO-E6 cells after 48 hours  exposure to 0.01 MOI SARS CoV-2 virus by high content imaging","",2020,"0","440.60","4.94"
"CHEMBL3408947","COc1ccc2c(c1)[C@]1(C[C@H]1c1ccc3c(/C=C/c4ccc(CN5C[C@H](C)O[C@H](C)C5)cc4)n[nH]c3c1)C(=O)N2","IC50","'='",11910,"nM",4.92,"CHEMBL4303835","SARS-CoV-2","CHEMBL4495565","Determination of IC50 values for inhibition of SARS-CoV-2 induced cytotoxicity of VERO-E6 cells after 48 hours  exposure to 0.01 MOI SARS CoV-2 virus by high content imaging","",2020,"2","534.66","5.73"
"CHEMBL503","CC[C@H](C)C(=O)O[C@H]1C[C@@H](C)C=C2C=C[C@H](C)[C@H](CC[C@@H]3C[C@@H](O)CC(=O)O3)[C@H]21","IC50","'='",1819700.86,"nM",NA,"CHEMBL4303835","SARS-CoV-2","CHEMBL4303773","IC50 for antiviral activity against SARS-CoV-2 in the Vero E6 cell line at 48 h by immunofluorescence-based assay (detecting the viral NP protein in the nucleus of the Vero E6 cells).","Nature",2020,"0","404.55","4.20"
"CHEMBL46740","Cc1c(-c2ccc(O)cc2)n(Cc2ccc(OCCN3CCCCCC3)cc2)c2ccc(O)cc12","IC50","'='",3440,"nM",5.46,"CHEMBL4303835","SARS-CoV-2","CHEMBL4303084","Antiviral activity against SARS-CoV-2 (viral titer) measured by plaque assay in Vero cells at MOI 0.0125 after 24 hr","",2020,"1","470.61","6.33"
"CHEMBL487","CC/C(=C(/c1ccc(OCCN(C)C)cc1)c1cccc(O)c1)c1ccccc1","IC50","'='",6600,"nM",5.18,"CHEMBL4303835","SARS-CoV-2","CHEMBL4303084","Antiviral activity against SARS-CoV-2 (viral titer) measured by plaque assay in Vero cells at MOI 0.0125 after 24 hr","",2020,"1","387.52","5.70"
"CHEMBL1242","Nc1ccc(/N=N/c2ccccc2)c(N)n1","IC50","'='",28000,"nM",4.55,"CHEMBL4303835","SARS-CoV-2","CHEMBL4303084","Antiviral activity against SARS-CoV-2 (viral titer) measured by plaque assay in Vero cells at MOI 0.0125 after 24 hr","",2020,"0","213.24","2.66"
"CHEMBL47050","OC1(c2ccc(Cl)c(C(F)(F)F)c2)CCN(CCCC(c2ccc(F)cc2)c2ccc(F)cc2)CC1","IC50","'='",5010,"nM",5.3,"CHEMBL4303835","SARS-CoV-2","CHEMBL4303084","Antiviral activity against SARS-CoV-2 (viral titer) measured by plaque assay in Vero cells at MOI 0.0125 after 24 hr","",2020,"2","523.97","7.53"
"CHEMBL559569","Cc1cccc2c1CC[C@H](CN1CCC(c3c(Cl)cccc3Cl)CC1)C[C@@H]2O","IC50","'='",770,"nM",6.11,"CHEMBL4303835","SARS-CoV-2","CHEMBL4303101","Determination of IC50 values for inhibition of SARS-CoV-2 induced cytotoxicity of Caco-2 cells after 48 hours by high content imaging","",2020,"1","418.41","6.17"
"CHEMBL3393171","Nc1c[nH]c(=O)c2cc(-c3ccccc3)sc12","IC50","'='",5260,"nM",5.28,"CHEMBL4303835","SARS-CoV-2","CHEMBL4495565","Determination of IC50 values for inhibition of SARS-CoV-2 induced cytotoxicity of VERO-E6 cells after 48 hours  exposure to 0.01 MOI SARS CoV-2 virus by high content imaging","",2020,"0","242.30","2.84"
"CHEMBL245839","COC(=O)c1ccccc1-c1c2ccc(N)cc2[o+]c2cc(N)ccc12","IC50","'='",800,"nM",6.1,"CHEMBL4303835","SARS-CoV-2","CHEMBL4495565","Determination of IC50 values for inhibition of SARS-CoV-2 induced cytotoxicity of VERO-E6 cells after 48 hours  exposure to 0.01 MOI SARS CoV-2 virus by high content imaging","",2020,"0","380.83","4.49"
"CHEMBL305660","CC(C)(C)c1ccc(C(=O)CCCN2CCC(OC(c3ccccc3)c3ccccc3)CC2)cc1","IC50","'='",6920,"nM",5.16,"CHEMBL4303835","SARS-CoV-2","CHEMBL4303084","Antiviral activity against SARS-CoV-2 (viral titer) measured by plaque assay in Vero cells at MOI 0.0125 after 24 hr","",2020,"1","469.67","7.22"
"CHEMBL4088272","CCCN1CCC=C(c2cc(-c3ccc(C)cc3)no2)C1","IC50","'='",11455.13,"nM",4.94,"CHEMBL4303835","SARS-CoV-2","CHEMBL4303773","IC50 for antiviral activity against SARS-CoV-2 in the Vero E6 cell line at 48 h by immunofluorescence-based assay (detecting the viral NP protein in the nucleus of the Vero E6 cells).","Nature",2020,"0","282.39","4.15"
"CHEMBL998","CCOC(=O)N1CCC(=C2c3ccc(Cl)cc3CCc3cccnc32)CC1","IC50","'='",15130,"nM",4.82,"CHEMBL4303835","SARS-CoV-2","CHEMBL4303101","Determination of IC50 values for inhibition of SARS-CoV-2 induced cytotoxicity of Caco-2 cells after 48 hours by high content imaging","",2020,"0","382.89","4.89"
"CHEMBL551978","CCOc1ccc(/C=C2\NCCc3cc(OCC)c(OCC)cc32)cc1OCC","IC50","'='",6070,"nM",5.22,"CHEMBL4303835","SARS-CoV-2","CHEMBL4303101","Determination of IC50 values for inhibition of SARS-CoV-2 induced cytotoxicity of Caco-2 cells after 48 hours by high content imaging","",2020,"0","397.52","4.93"
"CHEMBL98123","COc1ccc(Cc2nccc3cc(OC)c(OC)cc23)cc1OC","IC50","'='",1100,"nM",5.96,"CHEMBL4303835","SARS-CoV-2","CHEMBL4303101","Determination of IC50 values for inhibition of SARS-CoV-2 induced cytotoxicity of Caco-2 cells after 48 hours by high content imaging","",2020,"0","375.85","3.86"
"CHEMBL238188","CC(C)=CCc1c2c(c3occ(-c4ccc(O)cc4)c(=O)c3c1O)C=CC(C)(C)O2","IC50","'='",3870,"nM",5.41,"CHEMBL4303835","SARS-CoV-2","CHEMBL4303084","Antiviral activity against SARS-CoV-2 (viral titer) measured by plaque assay in Vero cells at MOI 0.0125 after 24 hr","",2020,"1","404.46","5.56"
"CHEMBL105712","O=C(CCl)c1ccccc1","IC50","'='",190,"nM",6.72,"CHEMBL4523582","Replicase polyprotein 1ab","CHEMBL4495564","SARS-CoV-2 3CL-Pro protease inhibition IC50 determined by FRET kind of response from peptide substrate","",2020,"0","154.60","2.11"
"CHEMBL4303154","C/C=C1\C(OC2OC(CO)C(O)C(O)C2O)OC=C(C(=O)OC)C1CC(=O)OCCc1ccc(O)c(O)c1","IC50","'='",3380,"nM",5.47,"CHEMBL4523582","Replicase polyprotein 1ab","CHEMBL4495564","SARS-CoV-2 3CL-Pro protease inhibition IC50 determined by FRET kind of response from peptide substrate","",2020,"3","540.52","-0.63"
"CHEMBL8260","O=c1cc(-c2ccccc2)oc2cc(O)c(O)c(O)c12","IC50","'='",20,"nM",7.7,"CHEMBL4523582","Replicase polyprotein 1ab","CHEMBL4495564","SARS-CoV-2 3CL-Pro protease inhibition IC50 determined by FRET kind of response from peptide substrate","",2020,"0","270.24","2.58"
"CHEMBL2368547","O=C(O)c1cc(O)c2c(c1)[C@H]([C@H]1c3cc(C(=O)O)cc(O)c3C(=O)c3c(O[C@@H]4O[C@H](CO)[C@@H](O)[C@H](O)[C@H]4O)cccc31)c1cccc(O[C@@H]3O[C@H](CO)[C@@H](O)[C@H](O)[C@H]3O)c1C2=O","IC50","'='",1590,"nM",5.8,"CHEMBL4523582","Replicase polyprotein 1ab","CHEMBL4495564","SARS-CoV-2 3CL-Pro protease inhibition IC50 determined by FRET kind of response from peptide substrate","",2020,"3","862.75","-1.10"
"CHEMBL472940","Oc1ccc2ccccc2c1SSc1c(O)ccc2ccccc12","IC50","'='",510,"nM",6.29,"CHEMBL4523582","Replicase polyprotein 1ab","CHEMBL4495564","SARS-CoV-2 3CL-Pro protease inhibition IC50 determined by FRET kind of response from peptide substrate","",2020,"1","350.46","6.20"
"CHEMBL415087","Clc1ccc(C(OCCN2CCCCC2)c2ccccc2)cc1","IC50","'='",5370.32,"nM",5.27,"CHEMBL4303835","SARS-CoV-2","CHEMBL4303773","IC50 for antiviral activity against SARS-CoV-2 in the Vero E6 cell line at 48 h by immunofluorescence-based assay (detecting the viral NP protein in the nucleus of the Vero E6 cells).","Nature",2020,"0","329.87","4.93"
"CHEMBL1410068","CC1(C)C=Cc2c(c3c(c4c(=O)c(-c5ccc(O)cc5)coc24)OC(C)(C)CC3)O1","IC50","'='",3220,"nM",5.49,"CHEMBL4303835","SARS-CoV-2","CHEMBL4303084","Antiviral activity against SARS-CoV-2 (viral titer) measured by plaque assay in Vero cells at MOI 0.0125 after 24 hr","",2020,"1","404.46","5.45"
"CHEMBL294029","C[C@@H](c1nc(-c2ccc(C#N)cc2)cs1)[C@](O)(Cn1cncn1)c1ccc(F)cc1F","IC50","'='",2760,"nM",5.56,"CHEMBL4303835","SARS-CoV-2","CHEMBL4303101","Determination of IC50 values for inhibition of SARS-CoV-2 induced cytotoxicity of Caco-2 cells after 48 hours by high content imaging","",2020,"0","437.48","4.24"
"CHEMBL3188386","Cc1cc(-c2ncc(CC(=O)Nc3ccc(-c4cnccn4)cn3)cc2C)ccn1","IC50","'='",3270,"nM",5.49,"CHEMBL4303835","SARS-CoV-2","CHEMBL4303101","Determination of IC50 values for inhibition of SARS-CoV-2 induced cytotoxicity of Caco-2 cells after 48 hours by high content imaging","",2020,"0","396.45","3.79"
"CHEMBL3813873","FC(F)(F)c1ccc(CNc2ccc(Cc3c[nH]c4ncc(Cl)cc34)cn2)cn1","IC50","'='",5430,"nM",5.26,"CHEMBL4303835","SARS-CoV-2","CHEMBL4303101","Determination of IC50 values for inhibition of SARS-CoV-2 induced cytotoxicity of Caco-2 cells after 48 hours by high content imaging","",2020,"1","417.82","5.23"
"CHEMBL3586404","CO[C@H]1CC[C@H](N2C(=O)CNc3ncc(-c4ccc(C(C)(C)O)nc4)nc32)CC1","IC50","'='",16780,"nM",4.78,"CHEMBL4303835","SARS-CoV-2","CHEMBL4303101","Determination of IC50 values for inhibition of SARS-CoV-2 induced cytotoxicity of Caco-2 cells after 48 hours by high content imaging","",2020,"0","397.48","2.48"
"CHEMBL54","O=C(CCCN1CCC(O)(c2ccc(Cl)cc2)CC1)c1ccc(F)cc1","IC50","'='",40457.59,"nM",4.39,"CHEMBL4303835","SARS-CoV-2","CHEMBL4303773","IC50 for antiviral activity against SARS-CoV-2 in the Vero E6 cell line at 48 h by immunofluorescence-based assay (detecting the viral NP protein in the nucleus of the Vero E6 cells).","Nature",2020,"0","375.87","4.43"
"CHEMBL2107831","CCCCCCO[C@@H](C)c1cccc(-c2csc(NC(=O)c3cc(Cl)c(/C=C(\C)C(=O)O)c(Cl)c3)n2)c1OC","IC50","'='",3780,"nM",5.42,"CHEMBL4303835","SARS-CoV-2","CHEMBL4303084","Antiviral activity against SARS-CoV-2 (viral titer) measured by plaque assay in Vero cells at MOI 0.0125 after 24 hr","",2020,"2","591.56","8.52"
"CHEMBL275707","C[C@H]1CN(CCCn2c3ccccc3c3ccccc32)C[C@@H](C)N1","IC50","'='",269153.48,"nM",NA,"CHEMBL4303835","SARS-CoV-2","CHEMBL4303773","IC50 for antiviral activity against SARS-CoV-2 in the Vero E6 cell line at 48 h by immunofluorescence-based assay (detecting the viral NP protein in the nucleus of the Vero E6 cells).","Nature",2020,"0","321.47","3.87"
"CHEMBL1526240","CC(C)=CCCC1(C)C=Cc2c(O)c3c(c(CC=C(C)C)c2O1)OC12C(=CC4CC1C(C)(C)OC2(C/C=C(/C)C(=O)O)C4O)C3=O","IC50","'='",13370,"nM",4.87,"CHEMBL4303835","SARS-CoV-2","CHEMBL4303084","Antiviral activity against SARS-CoV-2 (viral titer) measured by plaque assay in Vero cells at MOI 0.0125 after 24 hr","",2020,"2","630.78","7.03"
"CHEMBL92870","Cc1cccc(C)c1NC(=O)CN1CCN(CCCC(c2ccc(F)cc2)c2ccc(F)cc2)CC1","IC50","'='",17390,"nM",4.76,"CHEMBL4303835","SARS-CoV-2","CHEMBL4303101","Determination of IC50 values for inhibition of SARS-CoV-2 induced cytotoxicity of Caco-2 cells after 48 hours by high content imaging","",2020,"1","491.63","5.75"
"CHEMBL1725120","Cc1ccc(C)c(-n2sc3cc(F)ccc3c2=O)c1","IC50","'='",20,"nM",7.7,"CHEMBL4523582","Replicase polyprotein 1ab","CHEMBL4495564","SARS-CoV-2 3CL-Pro protease inhibition IC50 determined by FRET kind of response from peptide substrate","",2020,"0","273.33","3.81"
"CHEMBL4303361","Oc1cc(CNC(=S)/C=C/c2cc(O)c(O)c(Br)c2)cc(O)c1O","IC50","'='",480,"nM",6.32,"CHEMBL4523582","Replicase polyprotein 1ab","CHEMBL4495564","SARS-CoV-2 3CL-Pro protease inhibition IC50 determined by FRET kind of response from peptide substrate","",2020,"1","412.26","3.11"
"CHEMBL4303785","CC(C)CC1NC(=O)C(Cc2cn(Cc3ccc(Br)cc3)c3ccccc23)N(C)C(=O)C(CC(C)C)NC(=O)C(CC(C)C)N(C)C(=O)C(CC(C)C)NC(=O)C(CCC#N)OC(=O)C(C)N(C)C1=O","IC50","'='",199.53,"nM",6.7,"CHEMBL4303835","SARS-CoV-2","CHEMBL4303773","IC50 for antiviral activity against SARS-CoV-2 in the Vero E6 cell line at 48 h by immunofluorescence-based assay (detecting the viral NP protein in the nucleus of the Vero E6 cells).","Nature",2020,"None","1032.13","None"
"CHEMBL423192","COc1ccc(C[C@H]2NC[C@H](O)[C@H]2OC(C)=O)cc1","IC50","'='",90,"nM",7.05,"CHEMBL4303835","SARS-CoV-2","CHEMBL4495565","Determination of IC50 values for inhibition of SARS-CoV-2 induced cytotoxicity of VERO-E6 cells after 48 hours  exposure to 0.01 MOI SARS CoV-2 virus by high content imaging","",2020,"0","265.31","0.50"
"CHEMBL1277001","CC(C)S(=O)(=O)NC[C@H](C)c1ccc(-c2ccc(CCNS(C)(=O)=O)cc2)cc1","IC50","'='",3280,"nM",5.48,"CHEMBL4303835","SARS-CoV-2","CHEMBL4303101","Determination of IC50 values for inhibition of SARS-CoV-2 induced cytotoxicity of Caco-2 cells after 48 hours by high content imaging","",2020,"0","438.62","2.88"
"CHEMBL101309","CC(C)c1cc(C(C)C)c(CC(=O)NS(=O)(=O)Oc2c(C(C)C)cccc2C(C)C)c(C(C)C)c1","IC50","'='",3930,"nM",5.41,"CHEMBL4303835","SARS-CoV-2","CHEMBL4303101","Determination of IC50 values for inhibition of SARS-CoV-2 induced cytotoxicity of Caco-2 cells after 48 hours by high content imaging","",2020,"2","501.73","7.29"
"CHEMBL4303784","C=CC(C)CC1NC(=O)C(CC(C)C)N(C)C(=O)C(C)N(C)C(=O)C(C(C)CC)NC(=O)C(C(O)C(C)C)NC(=O)C2CCCCN2C(=O)C(C)N(C)C1=O","IC50","'='",6.653,"nM",8.18,"CHEMBL4303835","SARS-CoV-2","CHEMBL4303773","IC50 for antiviral activity against SARS-CoV-2 in the Vero E6 cell line at 48 h by immunofluorescence-based assay (detecting the viral NP protein in the nucleus of the Vero E6 cells).","Nature",2020,"1","776.03","1.68"
"CHEMBL4303781","Cc1sc2c(c1C)C(c1ccc(Cl)cc1)=N[C@@H](CC(=O)NCCCCCCCCNC(=O)COc1cccc3c1C(=O)N(C1CCC(=O)NC1=O)C3=O)c1nnc(C)n1-2","IC50","'='",3176.87,"nM",5.5,"CHEMBL4303835","SARS-CoV-2","CHEMBL4303773","IC50 for antiviral activity against SARS-CoV-2 in the Vero E6 cell line at 48 h by immunofluorescence-based assay (detecting the viral NP protein in the nucleus of the Vero E6 cells).","Nature",2020,"3","841.39","5.24"
"CHEMBL2403108","Cc1cc(Nc2ncc(Cl)c(Nc3ccccc3S(=O)(=O)C(C)C)n2)c(OC(C)C)cc1C1CCNCC1","IC50","'='",2860,"nM",5.54,"CHEMBL4303835","SARS-CoV-2","CHEMBL4303084","Antiviral activity against SARS-CoV-2 (viral titer) measured by plaque assay in Vero cells at MOI 0.0125 after 24 hr","",2020,"2","558.15","6.36"
"CHEMBL120563","CN(C)C(=S)SSC(=S)N(C)C","IC50","'='",50,"nM",7.3,"CHEMBL4523582","Replicase polyprotein 1ab","CHEMBL4495564","SARS-CoV-2 3CL-Pro protease inhibition IC50 determined by FRET kind of response from peptide substrate","",2020,"0","240.44","2.06"
"CHEMBL508112","c1ccc2sc(SSc3nc4ccccc4s3)nc2c1","IC50","'='",160,"nM",6.8,"CHEMBL4523582","Replicase polyprotein 1ab","CHEMBL4495564","SARS-CoV-2 3CL-Pro protease inhibition IC50 determined by FRET kind of response from peptide substrate","",2020,"1","332.50","5.71"
"CHEMBL1301049","O=[N+]([O-])c1ccc(NN=Cc2sc(N3CCOCC3)nc2-c2ccccc2)c(S(=O)(=O)Nc2ccccc2Cl)c1","IC50","'='",6420,"nM",5.19,"CHEMBL4303835","SARS-CoV-2","CHEMBL4495565","Determination of IC50 values for inhibition of SARS-CoV-2 induced cytotoxicity of VERO-E6 cells after 48 hours  exposure to 0.01 MOI SARS CoV-2 virus by high content imaging","",2020,"2","599.09","5.46"
"CHEMBL1257078","CC(C)COCC(CN(Cc1ccccc1)c1ccccc1)N1CCCC1","IC50","'='",3860,"nM",5.41,"CHEMBL4303835","SARS-CoV-2","CHEMBL4495565","Determination of IC50 values for inhibition of SARS-CoV-2 induced cytotoxicity of VERO-E6 cells after 48 hours  exposure to 0.01 MOI SARS CoV-2 virus by high content imaging","",2020,"0","403.01","4.83"
"CHEMBL1801932","CC(C)c1cnn2c(NCc3ccccc3)cc(NCCCCCCN)nc12","IC50","'='",12930,"nM",4.89,"CHEMBL4303835","SARS-CoV-2","CHEMBL4495565","Determination of IC50 values for inhibition of SARS-CoV-2 induced cytotoxicity of VERO-E6 cells after 48 hours  exposure to 0.01 MOI SARS CoV-2 virus by high content imaging","",2020,"0","380.54","4.40"
"CHEMBL10835","O=C(Nc1ccc(Cl)c(Cl)c1)Nc1ccc(Cl)c(Cl)c1","IC50","'='",3970,"nM",5.4,"CHEMBL4303835","SARS-CoV-2","CHEMBL4495565","Determination of IC50 values for inhibition of SARS-CoV-2 induced cytotoxicity of VERO-E6 cells after 48 hours  exposure to 0.01 MOI SARS CoV-2 virus by high content imaging","",2020,"1","350.03","5.94"
"CHEMBL4303376","Cc1ccccc1N(C)C(=O)c1ccc([S+]([O-])c2nccs2)c([N+](=O)[O-])c1","IC50","'='",1870,"nM",5.73,"CHEMBL4523582","Replicase polyprotein 1ab","CHEMBL4495564","SARS-CoV-2 3CL-Pro protease inhibition IC50 determined by FRET kind of response from peptide substrate","",2020,"0","401.47","3.80"
"CHEMBL3545085","CC(C)c1cc(CNc2nc(Nc3cc(C4CC4)[nH]n3)cc(N3CCN(C)CC3)n2)on1","IC50","'='",1490,"nM",5.83,"CHEMBL4523582","Replicase polyprotein 1ab","CHEMBL4495564","SARS-CoV-2 3CL-Pro protease inhibition IC50 determined by FRET kind of response from peptide substrate","",2020,"0","437.55","3.30"
"CHEMBL60718","Cc1ccc(S(=O)(=O)N[C@@H](Cc2ccccc2)C(=O)CCl)cc1","IC50","'='",1370,"nM",5.86,"CHEMBL4523582","Replicase polyprotein 1ab","CHEMBL4495564","SARS-CoV-2 3CL-Pro protease inhibition IC50 determined by FRET kind of response from peptide substrate","",2020,"0","351.86","2.69"
"CHEMBL1256915","CN1CC[C@@]2(C)c3cc(O)ccc3N(C)[C@@H]12","IC50","'='",1990,"nM",5.7,"CHEMBL4523582","Replicase polyprotein 1ab","CHEMBL4495564","SARS-CoV-2 3CL-Pro protease inhibition IC50 determined by FRET kind of response from peptide substrate","",2020,"0","334.37","1.76"
"CHEMBL188434","CCn1c(-c2nonc2N)nc2cncc(CNC3CCNCC3)c21","IC50","'='",2070,"nM",5.68,"CHEMBL4523582","Replicase polyprotein 1ab","CHEMBL4495564","SARS-CoV-2 3CL-Pro protease inhibition IC50 determined by FRET kind of response from peptide substrate","",2020,"0","342.41","0.92"
"CHEMBL119171","Nc1nc(S)c2ncn(C3OC(CO)C(O)C3O)c2n1","IC50","'='",1080,"nM",5.97,"CHEMBL4523582","Replicase polyprotein 1ab","CHEMBL4495564","SARS-CoV-2 3CL-Pro protease inhibition IC50 determined by FRET kind of response from peptide substrate","",2020,"0","299.31","-1.69"
"CHEMBL29197","COc1cc2ncnc(Nc3cccc(Br)c3)c2cc1OC","IC50","'='",13370,"nM",4.87,"CHEMBL4303835","SARS-CoV-2","CHEMBL4495565","Determination of IC50 values for inhibition of SARS-CoV-2 induced cytotoxicity of VERO-E6 cells after 48 hours  exposure to 0.01 MOI SARS CoV-2 virus by high content imaging","",2020,"0","360.21","4.15"
"CHEMBL565269","Cc1cccc(Nc2nc(-c3ccncc3)cs2)c1","IC50","'='",4110,"nM",5.39,"CHEMBL4303835","SARS-CoV-2","CHEMBL4495565","Determination of IC50 values for inhibition of SARS-CoV-2 induced cytotoxicity of VERO-E6 cells after 48 hours  exposure to 0.01 MOI SARS CoV-2 virus by high content imaging","",2020,"0","267.36","4.26"
"CHEMBL1088751","CNC(=O)c1ccc(C)c(-n2c(C)cc(OCc3ccc(F)cc3F)c(Br)c2=O)c1","IC50","'='",18850,"nM",4.72,"CHEMBL4303835","SARS-CoV-2","CHEMBL4303101","Determination of IC50 values for inhibition of SARS-CoV-2 induced cytotoxicity of Caco-2 cells after 48 hours by high content imaging","",2020,"0","477.31","4.43"
"CHEMBL2106227","CCNC1=Nc2ccc(Cl)cc2C(C)(c2ccccc2)O1","IC50","'='",20640,"nM",4.68,"CHEMBL4303835","SARS-CoV-2","CHEMBL4303101","Determination of IC50 values for inhibition of SARS-CoV-2 induced cytotoxicity of Caco-2 cells after 48 hours by high content imaging","",2020,"0","300.79","4.23"
"CHEMBL1200836","Clc1ccc(CO/N=C(\Cn2ccnc2)c2ccc(Cl)cc2Cl)c(Cl)c1","IC50","'='",20820,"nM",4.68,"CHEMBL4303835","SARS-CoV-2","CHEMBL4303101","Determination of IC50 values for inhibition of SARS-CoV-2 induced cytotoxicity of Caco-2 cells after 48 hours by high content imaging","",2020,"1","492.15","6.12"
"CHEMBL75880","C1CCC(C(CC2CCCCN2)C2CCCCC2)CC1","IC50","'='",6380,"nM",5.2,"CHEMBL4303835","SARS-CoV-2","CHEMBL4303084","Antiviral activity against SARS-CoV-2 (viral titer) measured by plaque assay in Vero cells at MOI 0.0125 after 24 hr","",2020,"1","277.50","5.30"
"CHEMBL1230165","O=C(O)c1ccc2c(c1)nc(Nc1cccc(Cl)c1)c1ccncc12","IC50","'='",3890.45,"nM",5.41,"CHEMBL4303835","SARS-CoV-2","CHEMBL4303773","IC50 for antiviral activity against SARS-CoV-2 in the Vero E6 cell line at 48 h by immunofluorescence-based assay (detecting the viral NP protein in the nucleus of the Vero E6 cells).","Nature",2020,"0","349.78","4.88"
"CHEMBL1957266","Cc1sc2c(c1C)C(c1ccc(Cl)cc1)=N[C@@H](CC(=O)OC(C)(C)C)c1nnc(C)n1-2","IC50","'='",192.75,"nM",6.71,"CHEMBL4303835","SARS-CoV-2","CHEMBL4303773","IC50 for antiviral activity against SARS-CoV-2 in the Vero E6 cell line at 48 h by immunofluorescence-based assay (detecting the viral NP protein in the nucleus of the Vero E6 cells).","Nature",2020,"1","457.00","5.53"
"CHEMBL147806","CC(C)(C)NCc1ccc(Nc2ccnc3cc(Cl)ccc23)cc1O","IC50","'='",3430,"nM",5.46,"CHEMBL4303835","SARS-CoV-2","CHEMBL4495565","Determination of IC50 values for inhibition of SARS-CoV-2 induced cytotoxicity of VERO-E6 cells after 48 hours  exposure to 0.01 MOI SARS CoV-2 virus by high content imaging","",2020,"1","355.87","5.23"
"CHEMBL71191","COc1cc2ncc(-c3ccccc3)nc2cc1OC","IC50","'='",200,"nM",6.7,"CHEMBL4303835","SARS-CoV-2","CHEMBL4303101","Determination of IC50 values for inhibition of SARS-CoV-2 induced cytotoxicity of Caco-2 cells after 48 hours by high content imaging","",2020,"0","266.30","3.31"
"CHEMBL1951415","Nc1nccc(-c2c(-c3ccc(F)cc3)ncn2C2CCCCC2)n1","IC50","'='",19230,"nM",4.72,"CHEMBL4303835","SARS-CoV-2","CHEMBL4303101","Determination of IC50 values for inhibition of SARS-CoV-2 induced cytotoxicity of Caco-2 cells after 48 hours by high content imaging","",2020,"0","337.40","4.23"
"CHEMBL430060","CCC(=O)CCCCC[C@@H]1NC(=O)[C@H]2CCCCN2C(=O)[C@H]([C@@H](C)CC)NC(=O)[C@H](Cc2cn(OC)c3ccccc23)NC1=O","IC50","'='",999684595.59,"nM",NA,"CHEMBL4303835","SARS-CoV-2","CHEMBL4303773","IC50 for antiviral activity against SARS-CoV-2 in the Vero E6 cell line at 48 h by immunofluorescence-based assay (detecting the viral NP protein in the nucleus of the Vero E6 cells).","Nature",2020,"1","623.80","3.07"
"CHEMBL4303618","CCc1ccc(/C=C/C(=O)Nc2ccc(C(C)=O)cc2)o1","IC50","'='",4950,"nM",5.3,"CHEMBL4523582","Replicase polyprotein 1ab","CHEMBL4495564","SARS-CoV-2 3CL-Pro protease inhibition IC50 determined by FRET kind of response from peptide substrate","",2020,"0","283.33","3.70"
"CHEMBL3392049","[O-]n1ccccc1=S","IC50","'='",2460,"nM",5.61,"CHEMBL4523582","Replicase polyprotein 1ab","CHEMBL4495564","SARS-CoV-2 3CL-Pro protease inhibition IC50 determined by FRET kind of response from peptide substrate","",2020,"0","317.71","1.45"
"CHEMBL324842","O=C(/C=C/c1ccc(O)c(O)c1)O[C@H](Cc1ccc(O)c(O)c1)C(=O)O","IC50","'='",3860,"nM",5.41,"CHEMBL4523582","Replicase polyprotein 1ab","CHEMBL4495564","SARS-CoV-2 3CL-Pro protease inhibition IC50 determined by FRET kind of response from peptide substrate","",2020,"0","360.32","1.76"
"CHEMBL1188627","C/N=c1/nc(-c2ccccc2)n(-c2ccccc2)s1","IC50","'='",980,"nM",6.01,"CHEMBL4523582","Replicase polyprotein 1ab","CHEMBL4495564","SARS-CoV-2 3CL-Pro protease inhibition IC50 determined by FRET kind of response from peptide substrate","",2020,"0","267.36","3.13"
"CHEMBL449298","Nc1ccc(O)c2ncccc12","IC50","'='",2050,"nM",5.69,"CHEMBL4523582","Replicase polyprotein 1ab","CHEMBL4495564","SARS-CoV-2 3CL-Pro protease inhibition IC50 determined by FRET kind of response from peptide substrate","",2020,"0","160.18","1.52"
"CHEMBL1208572","CC[C@@H](C(=O)[C@@H](C)[C@@H](O)[C@H](C)[C@@H]1O[C@@H]([C@@H](CC)C(=O)O)CC[C@@H]1C)[C@H]1O[C@]2(C=C[C@@H](O)[C@]3(CC[C@@](C)([C@H]4CC[C@](O)(CC)[C@H](C)O4)O3)O2)[C@H](C)C[C@@H]1C","IC50","'='",240,"nM",6.62,"CHEMBL4303835","SARS-CoV-2","CHEMBL4303084","Antiviral activity against SARS-CoV-2 (viral titer) measured by plaque assay in Vero cells at MOI 0.0125 after 24 hr","",2020,"2","751.01","6.19"
"CHEMBL59030","O=C(O)Cc1cccc(OCCCN(Cc2cccc(C(F)(F)F)c2Cl)CC(c2ccccc2)c2ccccc2)c1","IC50","'='",27710,"nM",4.56,"CHEMBL4303835","SARS-CoV-2","CHEMBL4495565","Determination of IC50 values for inhibition of SARS-CoV-2 induced cytotoxicity of VERO-E6 cells after 48 hours  exposure to 0.01 MOI SARS CoV-2 virus by high content imaging","",2020,"2","582.06","8.09"
"CHEMBL1231723","CCCCCCCCCCCCOCCOCCOCCOCCOCCOCCOCCOCCOCCO","IC50","'='",220,"nM",6.66,"CHEMBL4303835","SARS-CoV-2","CHEMBL4303101","Determination of IC50 values for inhibition of SARS-CoV-2 induced cytotoxicity of Caco-2 cells after 48 hours by high content imaging","",2020,"1","582.82","4.05"
"CHEMBL518800","CC[C@H](CO)Nc1nc(NCc2ccc(-c3ccccn3)cc2)c2ncn(C(C)C)c2n1","IC50","'='",840,"nM",6.08,"CHEMBL4523582","Replicase polyprotein 1ab","CHEMBL4495564","SARS-CoV-2 3CL-Pro protease inhibition IC50 determined by FRET kind of response from peptide substrate","",2020,"0","431.54","4.26"
"CHEMBL3967196","CCCCn1c(NC(=O)c2cccs2)c(C#N)c2nc3ccccc3nc21","IC50","'='",19650,"nM",4.71,"CHEMBL4303835","SARS-CoV-2","CHEMBL4495565","Determination of IC50 values for inhibition of SARS-CoV-2 induced cytotoxicity of VERO-E6 cells after 48 hours  exposure to 0.01 MOI SARS CoV-2 virus by high content imaging","",2020,"0","375.46","4.57"
"CHEMBL123292","C[C@H]1C[C@H](C)C(=O)[C@H]([C@H](O)CC2CC(=O)NC(=O)C2)C1","IC50","'='",1160,"nM",5.94,"CHEMBL4303835","SARS-CoV-2","CHEMBL4495565","Determination of IC50 values for inhibition of SARS-CoV-2 induced cytotoxicity of VERO-E6 cells after 48 hours  exposure to 0.01 MOI SARS CoV-2 virus by high content imaging","",2020,"0","281.35","1.04"
"CHEMBL479","CSc1ccc2c(c1)N(CCC1CCCCN1C)c1ccccc1S2","IC50","'='",6690,"nM",5.17,"CHEMBL4303835","SARS-CoV-2","CHEMBL4303084","Antiviral activity against SARS-CoV-2 (viral titer) measured by plaque assay in Vero cells at MOI 0.0125 after 24 hr","",2020,"1","370.59","5.89"
"CHEMBL2171124","Cn1cc(-c2ccc3c(c2)CCN3C(=O)Cc2cccc(C(F)(F)F)c2)c2c(N)ncnc21","IC50","'='",250,"nM",6.6,"CHEMBL4303835","SARS-CoV-2","CHEMBL4303101","Determination of IC50 values for inhibition of SARS-CoV-2 induced cytotoxicity of Caco-2 cells after 48 hours by high content imaging","",2020,"0","451.45","4.37"
"CHEMBL252164","CCNC(=O)c1noc(-c2cc(C(C)C)c(O)cc2O)c1-c1ccc(CN2CCOCC2)cc1","IC50","'='",11220.18,"nM",4.95,"CHEMBL4303835","SARS-CoV-2","CHEMBL4303773","IC50 for antiviral activity against SARS-CoV-2 in the Vero E6 cell line at 48 h by immunofluorescence-based assay (detecting the viral NP protein in the nucleus of the Vero E6 cells).","Nature",2020,"0","465.55","4.13"
"CHEMBL2105450","O=C(Nc1cc(Cl)cc(Cl)c1O)c1c(O)c(Cl)cc(Cl)c1Cl","IC50","'='",3710,"nM",5.43,"CHEMBL4303835","SARS-CoV-2","CHEMBL4303084","Antiviral activity against SARS-CoV-2 (viral titer) measured by plaque assay in Vero cells at MOI 0.0125 after 24 hr","",2020,"1","401.46","5.62"
"CHEMBL2003538","CCCCCCCCCCCCCCCC[n+]1ccccc1","IC50","'='",620,"nM",6.21,"CHEMBL4303835","SARS-CoV-2","CHEMBL4303101","Determination of IC50 values for inhibition of SARS-CoV-2 induced cytotoxicity of Caco-2 cells after 48 hours by high content imaging","",2020,"1","358.01","6.46"
"CHEMBL2103883","O=C(Nc1nc(-c2cc(Cl)cs2)c(N2CCN(C3CCCCC3)CC2)s1)c1cnc(N2CCC(C(=O)O)CC2)c(Cl)c1","IC50","'='",5710,"nM",5.24,"CHEMBL4303835","SARS-CoV-2","CHEMBL4303101","Determination of IC50 values for inhibition of SARS-CoV-2 induced cytotoxicity of Caco-2 cells after 48 hours by high content imaging","",2020,"2","649.67","6.58"
"CHEMBL195789","CC(C)(C)c1ccc(/C=C/C(=O)Nc2ccc3c(c2)OCCO3)cc1","IC50","'='",14970,"nM",4.83,"CHEMBL4303835","SARS-CoV-2","CHEMBL4303101","Determination of IC50 values for inhibition of SARS-CoV-2 induced cytotoxicity of Caco-2 cells after 48 hours by high content imaging","",2020,"0","337.42","4.41"
"CHEMBL221692","Fc1ccc(-c2cncc(CN3CCN(c4cccc5c4OCCO5)CC3)c2)cc1","IC50","'='",18590,"nM",4.73,"CHEMBL4303835","SARS-CoV-2","CHEMBL4303101","Determination of IC50 values for inhibition of SARS-CoV-2 induced cytotoxicity of Caco-2 cells after 48 hours by high content imaging","",2020,"0","405.47","3.98"
"CHEMBL27289","C=C(c1ccccc1OCc1cccc(Cl)c1)n1ccnc1","IC50","'='",18920,"nM",4.72,"CHEMBL4303835","SARS-CoV-2","CHEMBL4303101","Determination of IC50 values for inhibition of SARS-CoV-2 induced cytotoxicity of Caco-2 cells after 48 hours by high content imaging","",2020,"0","310.78","4.63"
"CHEMBL3350262","CCCC[C@@]1(C2CCCC2)Cc2cc(OCCCC(=O)O)c(Cl)c(Cl)c2C1=O","IC50","'='",12780,"nM",4.89,"CHEMBL4303835","SARS-CoV-2","CHEMBL4303101","Determination of IC50 values for inhibition of SARS-CoV-2 induced cytotoxicity of Caco-2 cells after 48 hours by high content imaging","",2020,"1","427.37","6.34"
"CHEMBL3781415","Nc1ncc(-c2ccnc(Nc3ccncc3)n2)c(CC2CC2)n1","IC50","'='",7920,"nM",5.1,"CHEMBL4303835","SARS-CoV-2","CHEMBL4495565","Determination of IC50 values for inhibition of SARS-CoV-2 induced cytotoxicity of VERO-E6 cells after 48 hours  exposure to 0.01 MOI SARS CoV-2 virus by high content imaging","",2020,"0","319.37","2.61"
"CHEMBL46286","COC(=O)C[C@](O)(CCCC(C)(C)O)C(=O)O[C@@H]1C(OC)=C[C@]23CCCN2CCc2cc4c(cc2[C@H]13)OCO4","IC50","'='",4710,"nM",5.33,"CHEMBL4303835","SARS-CoV-2","CHEMBL4303101","Determination of IC50 values for inhibition of SARS-CoV-2 induced cytotoxicity of Caco-2 cells after 48 hours by high content imaging","",2020,"1","545.63","2.58"
"CHEMBL566136","CCOC(=O)c1c(N)sc(-c2ccccc2)c1C","IC50","'='",3190,"nM",5.5,"CHEMBL4523582","Replicase polyprotein 1ab","CHEMBL4495564","SARS-CoV-2 3CL-Pro protease inhibition IC50 determined by FRET kind of response from peptide substrate","",2020,"0","261.35","3.48"
"CHEMBL1829304","COc1cc2c(NC3CCN(C4CCCCC4)CC3)nc(N3CCCN(C(C)C)CC3)nc2cc1OCCCN1CCCCC1","IC50","'='",12030,"nM",4.92,"CHEMBL4303835","SARS-CoV-2","CHEMBL4495565","Determination of IC50 values for inhibition of SARS-CoV-2 induced cytotoxicity of VERO-E6 cells after 48 hours  exposure to 0.01 MOI SARS CoV-2 virus by high content imaging","",2020,"2","621.91","6.02"
"CHEMBL1081312","Nc1ncnc2c1c(-c1cnc3[nH]ccc3c1)nn2C1CCCC1","IC50","'='",11760,"nM",4.93,"CHEMBL4303835","SARS-CoV-2","CHEMBL4495565","Determination of IC50 values for inhibition of SARS-CoV-2 induced cytotoxicity of VERO-E6 cells after 48 hours  exposure to 0.01 MOI SARS CoV-2 virus by high content imaging","",2020,"0","319.37","3.07"
"CHEMBL1213137","CCN(CC)CCOc1ccc(/C(=C(\Cl)c2ccccc2)c2ccccc2)cc1","IC50","'='",13620,"nM",4.87,"CHEMBL4303835","SARS-CoV-2","CHEMBL4495565","Determination of IC50 values for inhibition of SARS-CoV-2 induced cytotoxicity of VERO-E6 cells after 48 hours  exposure to 0.01 MOI SARS CoV-2 virus by high content imaging","",2020,"1","598.09","6.56"
"CHEMBL66953","O=c1c(O)cccc2cc(O)c(O)c(O)c12","IC50","'='",4580,"nM",5.34,"CHEMBL4523582","Replicase polyprotein 1ab","CHEMBL4495564","SARS-CoV-2 3CL-Pro protease inhibition IC50 determined by FRET kind of response from peptide substrate","",2020,"0","220.18","1.02"
"CHEMBL460499","CCCCCCNC(=O)n1cc(F)c(=O)[nH]c1=O","IC50","'='",160,"nM",6.8,"CHEMBL4523582","Replicase polyprotein 1ab","CHEMBL4495564","SARS-CoV-2 3CL-Pro protease inhibition IC50 determined by FRET kind of response from peptide substrate","",2020,"0","257.26","0.81"
"CHEMBL562318","Cn1cc(-c2ccncc2)c(-c2ccc(OCc3ccc4ccccc4n3)cc2)n1","IC50","'='",25260,"nM",4.6,"CHEMBL4303835","SARS-CoV-2","CHEMBL4495565","Determination of IC50 values for inhibition of SARS-CoV-2 induced cytotoxicity of VERO-E6 cells after 48 hours  exposure to 0.01 MOI SARS CoV-2 virus by high content imaging","",2020,"1","392.46","5.28"
"CHEMBL504323","COc1cc2c3cc1Oc1c(OC)c(OC)cc4c1[C@@H](Cc1ccc(O)c(c1)Oc1ccc(cc1)C[C@@H]3N(C)CC2)N(C)CC4","IC50","'='",7870,"nM",5.1,"CHEMBL4303835","SARS-CoV-2","CHEMBL4303084","Antiviral activity against SARS-CoV-2 (viral titer) measured by plaque assay in Vero cells at MOI 0.0125 after 24 hr","",2020,"2","608.74","6.86"
"CHEMBL1214827","CC(C)c1cc(C(=O)N2Cc3ccc(CN4CCN(C)CC4)cc3C2)c(O)cc1O","IC50","'='",154.88,"nM",6.81,"CHEMBL4303835","SARS-CoV-2","CHEMBL4303773","IC50 for antiviral activity against SARS-CoV-2 in the Vero E6 cell line at 48 h by immunofluorescence-based assay (detecting the viral NP protein in the nucleus of the Vero E6 cells).","Nature",2020,"0","409.53","3.12"
"CHEMBL157101","CC(=O)N1CCN(c2ccc(OCC3COC(Cn4ccnc4)(c4ccc(Cl)cc4Cl)O3)cc2)CC1","IC50","'='",2360,"nM",5.63,"CHEMBL4303835","SARS-CoV-2","CHEMBL4303101","Determination of IC50 values for inhibition of SARS-CoV-2 induced cytotoxicity of Caco-2 cells after 48 hours by high content imaging","",2020,"1","531.44","4.21"
"CHEMBL1096979","NC(CO)C(=O)NNCc1ccc(O)c(O)c1O","IC50","'='",140,"nM",6.85,"CHEMBL4523582","Replicase polyprotein 1ab","CHEMBL4495564","SARS-CoV-2 3CL-Pro protease inhibition IC50 determined by FRET kind of response from peptide substrate","",2020,"1","257.25","-1.76"
"CHEMBL1616","CN1CCc2cccc3c2[C@H]1Cc1ccc(O)c(O)c1-3","IC50","'='",520,"nM",6.28,"CHEMBL4523582","Replicase polyprotein 1ab","CHEMBL4495564","SARS-CoV-2 3CL-Pro protease inhibition IC50 determined by FRET kind of response from peptide substrate","",2020,"0","303.79","2.85"
"CHEMBL929","CC(C)Nc1cccnc1N1CCN(C(=O)c2cc3cc(NS(C)(=O)=O)ccc3[nH]2)CC1","IC50","'='",3990,"nM",5.4,"CHEMBL4523582","Replicase polyprotein 1ab","CHEMBL4495564","SARS-CoV-2 3CL-Pro protease inhibition IC50 determined by FRET kind of response from peptide substrate","",2020,"0","552.68","2.72"
"CHEMBL2103851","S=C(NCc1ccc2c(c1)OCO2)N1CCN(c2ncnc3c2oc2ccccc23)CC1","IC50","'='",20,"nM",7.7,"CHEMBL4303835","SARS-CoV-2","CHEMBL4303101","Determination of IC50 values for inhibition of SARS-CoV-2 induced cytotoxicity of Caco-2 cells after 48 hours by high content imaging","",2020,"0","447.52","3.30"
"CHEMBL152649","Cc1nc2ccccc2n1Cc1ccc(Cl)cc1","IC50","'='",1890,"nM",5.72,"CHEMBL4303835","SARS-CoV-2","CHEMBL4303101","Determination of IC50 values for inhibition of SARS-CoV-2 induced cytotoxicity of Caco-2 cells after 48 hours by high content imaging","",2020,"0","256.74","4.05"
"CHEMBL1161936","O=C(O)c1ccc(SSc2ccc(C(=O)O)cn2)nc1","IC50","'='",240,"nM",6.62,"CHEMBL4523582","Replicase polyprotein 1ab","CHEMBL4495564","SARS-CoV-2 3CL-Pro protease inhibition IC50 determined by FRET kind of response from peptide substrate","",2020,"0","308.34","2.67"
"CHEMBL3348861","O=C1c2c(O)cc(O)cc2O[C@H](c2cc(O)c(O)c(O)c2)[C@H]1O","IC50","'='",180,"nM",6.75,"CHEMBL4523582","Replicase polyprotein 1ab","CHEMBL4495564","SARS-CoV-2 3CL-Pro protease inhibition IC50 determined by FRET kind of response from peptide substrate","",2020,"1","320.25","0.89"
"CHEMBL4109308","O=C(c1ccc(-n2nnc3cccnc32)cc1)N(c1ncccc1Cl)[C@@H]1CCCNC1","IC50","'='",7585.78,"nM",5.12,"CHEMBL4303835","SARS-CoV-2","CHEMBL4303773","IC50 for antiviral activity against SARS-CoV-2 in the Vero E6 cell line at 48 h by immunofluorescence-based assay (detecting the viral NP protein in the nucleus of the Vero E6 cells).","Nature",2020,"0","433.90","3.26"
"CHEMBL317840","CC1=C(CCC(=O)O)c2cc3nc(cc4[nH]c(cc5[nH]c(cc1n2)c(C)c5C(C)O)c(C)c4C(C)O)C(C)=C3CCC(=O)O","IC50","'='",1850,"nM",5.73,"CHEMBL4303835","SARS-CoV-2","CHEMBL4303101","Determination of IC50 values for inhibition of SARS-CoV-2 induced cytotoxicity of Caco-2 cells after 48 hours by high content imaging","",2020,"3","598.70","6.63"
"CHEMBL2040682","CC(C)C(=O)OCC(=O)[C@@]12O[C@H](C3CCCCC3)O[C@@H]1C[C@H]1[C@@H]3CCC4=CC(=O)C=C[C@]4(C)[C@H]3[C@@H](O)C[C@@]12C","IC50","'='",4330,"nM",5.36,"CHEMBL4303835","SARS-CoV-2","CHEMBL4303084","Antiviral activity against SARS-CoV-2 (viral titer) measured by plaque assay in Vero cells at MOI 0.0125 after 24 hr","",2020,"1","540.70","4.70"
"CHEMBL4303661","CCCCCCCCCCCCCCCCCC[S+](CCC)c1ccccc1C(=O)OCC","IC50","'='",770,"nM",6.11,"CHEMBL4303835","SARS-CoV-2","CHEMBL4303101","Determination of IC50 values for inhibition of SARS-CoV-2 induced cytotoxicity of Caco-2 cells after 48 hours by high content imaging","",2020,"1","477.82","9.51"
"CHEMBL1626","CN1CCC[C@@H]1CCO[C@](C)(c1ccccc1)c1ccc(Cl)cc1","IC50","'='",2137.96,"nM",5.67,"CHEMBL4303835","SARS-CoV-2","CHEMBL4303773","IC50 for antiviral activity against SARS-CoV-2 in the Vero E6 cell line at 48 h by immunofluorescence-based assay (detecting the viral NP protein in the nucleus of the Vero E6 cells).","Nature",2020,"1","343.90","5.10"
"CHEMBL413","CO[C@H]1C[C@@H]2CC[C@@H](C)[C@@](O)(O2)C(=O)C(=O)N2CCCC[C@H]2C(=O)O[C@H]([C@H](C)C[C@@H]2CC[C@@H](O)[C@H](OC)C2)CC(=O)[C@H](C)/C=C(\C)[C@@H](O)[C@@H](OC)C(=O)[C@H](C)C[C@H](C)/C=C/C=C/C=C/1C","IC50","'='",26302.68,"nM",4.58,"CHEMBL4303835","SARS-CoV-2","CHEMBL4303773","IC50 for antiviral activity against SARS-CoV-2 in the Vero E6 cell line at 48 h by immunofluorescence-based assay (detecting the viral NP protein in the nucleus of the Vero E6 cells).","Nature",2020,"3","914.19","6.18"
"CHEMBL1518572","CCOC(=O)c1ncc2[nH]c3ccc(OCc4ccccc4)cc3c2c1COC","IC50","'='",1340,"nM",5.87,"CHEMBL4303835","SARS-CoV-2","CHEMBL4303101","Determination of IC50 values for inhibition of SARS-CoV-2 induced cytotoxicity of Caco-2 cells after 48 hours by high content imaging","",2020,"0","390.44","4.62"
"CHEMBL231779","COc1ccc(-n2nc(C(N)=O)c3c2C(=O)N(c2ccc(N4CCCCC4=O)cc2)CC3)cc1","IC50","'='",5910,"nM",5.23,"CHEMBL4303835","SARS-CoV-2","CHEMBL4303101","Determination of IC50 values for inhibition of SARS-CoV-2 induced cytotoxicity of Caco-2 cells after 48 hours by high content imaging","",2020,"0","459.51","2.70"
"CHEMBL496","Oc1c(Cl)cc(Cl)c(Cl)c1Cc1c(O)c(Cl)cc(Cl)c1Cl","IC50","'='",900,"nM",6.05,"CHEMBL4303835","SARS-CoV-2","CHEMBL4303084","Antiviral activity against SARS-CoV-2 (viral titer) measured by plaque assay in Vero cells at MOI 0.0125 after 24 hr","",2020,"1","406.91","6.61"
"CHEMBL2010601","CC(C)(C)c1cc(C(C)(C)C)c(NC(=O)c2c[nH]c3ccccc3c2=O)cc1O","IC50","'='",6570,"nM",5.18,"CHEMBL4303835","SARS-CoV-2","CHEMBL4303084","Antiviral activity against SARS-CoV-2 (viral titer) measured by plaque assay in Vero cells at MOI 0.0125 after 24 hr","",2020,"1","392.50","5.08"
"CHEMBL3707351","Cc1cc(O[C@@H](CCC(F)(F)F)c2ccc(C(=O)NCCC(=O)O)cc2)cc(C)c1-c1ccc(C(C)(C)C)cc1","IC50","'='",10550,"nM",4.98,"CHEMBL4303835","SARS-CoV-2","CHEMBL4495565","Determination of IC50 values for inhibition of SARS-CoV-2 induced cytotoxicity of VERO-E6 cells after 48 hours  exposure to 0.01 MOI SARS CoV-2 virus by high content imaging","",2020,"2","555.64","7.94"
"CHEMBL124660","COc1cc2c(N3CCN(C(=O)Nc4ccc(OC(C)C)cc4)CC3)ncnc2cc1OCCCN1CCCCC1","IC50","'='",4230,"nM",5.37,"CHEMBL4303835","SARS-CoV-2","CHEMBL4495565","Determination of IC50 values for inhibition of SARS-CoV-2 induced cytotoxicity of VERO-E6 cells after 48 hours  exposure to 0.01 MOI SARS CoV-2 virus by high content imaging","",2020,"2","562.72","5.03"
"CHEMBL1408862","O=[N+]([O-])C(Br)(CO)CO","IC50","'='",420,"nM",6.38,"CHEMBL4523582","Replicase polyprotein 1ab","CHEMBL4495564","SARS-CoV-2 3CL-Pro protease inhibition IC50 determined by FRET kind of response from peptide substrate","",2020,"0","199.99","-0.66"
"CHEMBL1076347","O=C(Nc1ccc(Cl)cc1)Nc1ccc(Cl)c(Cl)c1","IC50","'='",8330,"nM",5.08,"CHEMBL4303835","SARS-CoV-2","CHEMBL4495565","Determination of IC50 values for inhibition of SARS-CoV-2 induced cytotoxicity of VERO-E6 cells after 48 hours  exposure to 0.01 MOI SARS CoV-2 virus by high content imaging","",2020,"1","315.59","5.29"
"CHEMBL540612","COc1ccccc1N1CCN(CCCCNC(=O)c2ccc3ccccc3c2)CC1","IC50","'='",18950,"nM",4.72,"CHEMBL4303835","SARS-CoV-2","CHEMBL4303101","Determination of IC50 values for inhibition of SARS-CoV-2 induced cytotoxicity of Caco-2 cells after 48 hours by high content imaging","",2020,"0","454.01","4.18"
"CHEMBL2134545","Cc1nc2cnc3ccc(C#Cc4cccnc4)cc3c2n1-c1ccc(C(C)(C)C#N)cc1","IC50","'='",110,"nM",6.96,"CHEMBL4303835","SARS-CoV-2","CHEMBL4495565","Determination of IC50 values for inhibition of SARS-CoV-2 induced cytotoxicity of VERO-E6 cells after 48 hours  exposure to 0.01 MOI SARS CoV-2 virus by high content imaging","",2020,"1","427.51","5.48"
"CHEMBL2218926","CC(C)(C)c1cc(C=C(C#N)C#N)cc(Br)c1O","IC50","'='",8770,"nM",5.06,"CHEMBL4303835","SARS-CoV-2","CHEMBL4495565","Determination of IC50 values for inhibition of SARS-CoV-2 induced cytotoxicity of VERO-E6 cells after 48 hours  exposure to 0.01 MOI SARS CoV-2 virus by high content imaging","",2020,"0","305.17","3.88"
"CHEMBL1908397","O=C(c1ccc(/C=C/c2n[nH]c3ccccc23)cc1)N1CCNCC1","IC50","'='",3600,"nM",5.44,"CHEMBL4295557","Replicase polyprotein 1ab","CHEMBL4495564","MERS_3CL Pro protease inhibition IC50  by FRET kind of response from peptide substrate","",2020,"0","332.41","2.78"
"CHEMBL3646801","O=C(C1CC1)N1CC[C@@H](Cc2n[nH]c(=O)n2-c2ccc(-c3ccc4occc4c3)cc2)C1","IC50","'='",16980,"nM",4.77,"CHEMBL4303835","SARS-CoV-2","CHEMBL4495565","Determination of IC50 values for inhibition of SARS-CoV-2 induced cytotoxicity of VERO-E6 cells after 48 hours  exposure to 0.01 MOI SARS CoV-2 virus by high content imaging","",2020,"0","428.49","3.77"
"CHEMBL1356238","[O-][n+]1ccccc1S","IC50","'='",50,"nM",7.3,"CHEMBL4523582","Replicase polyprotein 1ab","CHEMBL4495564","SARS-CoV-2 3CL-Pro protease inhibition IC50 determined by FRET kind of response from peptide substrate","",2020,"0","127.17","0.61"
"CHEMBL1368758","Cc1nn(C)c2nc(NNC(=O)Nc3cc(Cl)nc(Cl)c3)cc(C(C)C)c12","IC50","'='",5970,"nM",5.22,"CHEMBL4303835","SARS-CoV-2","CHEMBL4303101","Determination of IC50 values for inhibition of SARS-CoV-2 induced cytotoxicity of Caco-2 cells after 48 hours by high content imaging","",2020,"0","408.29","4.25"
"CHEMBL444478","C[C@@H]1O[C@@H](O[C@@H]2[C@@H](O)[C@H](OCCc3ccc(O)c(O)c3)O[C@H](CO)[C@H]2OC(=O)/C=C/c2ccc(O)c(O)c2)[C@H](O)[C@H](O)[C@H]1O","IC50","'='",4540,"nM",5.34,"CHEMBL4523582","Replicase polyprotein 1ab","CHEMBL4495564","SARS-CoV-2 3CL-Pro protease inhibition IC50 determined by FRET kind of response from peptide substrate","",2020,"3","624.59","-1.02"
"CHEMBL365141","CCN(CC)CCO[C@H]1CC[C@@]2(C)C(=CC[C@H]3[C@@H]4CCC(=O)[C@@]4(C)CC[C@@H]32)C1","IC50","'='",1150,"nM",5.94,"CHEMBL4303835","SARS-CoV-2","CHEMBL4495565","Determination of IC50 values for inhibition of SARS-CoV-2 induced cytotoxicity of VERO-E6 cells after 48 hours  exposure to 0.01 MOI SARS CoV-2 virus by high content imaging","",2020,"1","387.61","5.25"
"CHEMBL1423","O=c1[nH]c2ccccc2n1C1CCN(CCCC(c2ccc(F)cc2)c2ccc(F)cc2)CC1","IC50","'='",91201.08,"nM",4.04,"CHEMBL4303835","SARS-CoV-2","CHEMBL4303773","IC50 for antiviral activity against SARS-CoV-2 in the Vero E6 cell line at 48 h by immunofluorescence-based assay (detecting the viral NP protein in the nucleus of the Vero E6 cells).","Nature",2020,"1","461.56","5.86"
"CHEMBL601661","CNC(=O)Nc1ccc(-c2nc(N3CC4CCC(C3)O4)c3cnn(C4CCC5(CC4)OCCO5)c3n2)cc1","IC50","'='",21620,"nM",4.67,"CHEMBL4303835","SARS-CoV-2","CHEMBL4495565","Determination of IC50 values for inhibition of SARS-CoV-2 induced cytotoxicity of VERO-E6 cells after 48 hours  exposure to 0.01 MOI SARS CoV-2 virus by high content imaging","",2020,"1","519.61","3.47"
"CHEMBL1186894","CC(=O)[C@]1(N)Cc2c(O)c3c(c(O)c2[C@@H](O[C@H]2C[C@H](O)[C@H](O)CO2)C1)C(=O)c1ccccc1C3=O","IC50","'='",330,"nM",6.48,"CHEMBL4303835","SARS-CoV-2","CHEMBL4495565","Determination of IC50 values for inhibition of SARS-CoV-2 induced cytotoxicity of VERO-E6 cells after 48 hours  exposure to 0.01 MOI SARS CoV-2 virus by high content imaging","",2020,"0","483.47","0.63"
"CHEMBL552659","Fc1ccc(C(c2ccc(F)cc2)N2CCN(C/C=C/c3ccccc3)CC2)cc1","IC50","'='",19050,"nM",4.72,"CHEMBL4303835","SARS-CoV-2","CHEMBL4303101","Determination of IC50 values for inhibition of SARS-CoV-2 induced cytotoxicity of Caco-2 cells after 48 hours by high content imaging","",2020,"1","477.43","5.39"
"CHEMBL2364627","CC(C)(C)Cn1c(N)nc2ccc(-c3[nH]c(C(C)(C)C)nc3-c3ccc(F)cc3)nc21","IC50","'='",870,"nM",6.06,"CHEMBL4303835","SARS-CoV-2","CHEMBL4303101","Determination of IC50 values for inhibition of SARS-CoV-2 induced cytotoxicity of Caco-2 cells after 48 hours by high content imaging","",2020,"1","612.75","5.55"
"CHEMBL51085","O=c1c2ccccc2[se]n1-c1ccccc1","IC50","'='",30,"nM",7.52,"CHEMBL4523582","Replicase polyprotein 1ab","CHEMBL4495564","SARS-CoV-2 3CL-Pro protease inhibition IC50 determined by FRET kind of response from peptide substrate","",2020,"None","274.18","None"
"CHEMBL510038","Nc1nnc(Sc2ncc([N+](=O)[O-])s2)s1","IC50","'='",30,"nM",7.52,"CHEMBL4523582","Replicase polyprotein 1ab","CHEMBL4495564","SARS-CoV-2 3CL-Pro protease inhibition IC50 determined by FRET kind of response from peptide substrate","",2020,"0","261.31","1.64"
"CHEMBL33","C[C@H]1COc2c(N3CCN(C)CC3)c(F)cc3c(=O)c(C(=O)O)cn1c23","IC50","'='",7600,"nM",5.12,"CHEMBL4295557","Replicase polyprotein 1ab","CHEMBL4495564","MERS_3CL Pro protease inhibition IC50  by FRET kind of response from peptide substrate","",2020,"0","361.37","1.54"
"CHEMBL154580","C=CC(=O)c1ccc2ccccc2c1","IC50","'='",1240,"nM",5.91,"CHEMBL4523582","Replicase polyprotein 1ab","CHEMBL4495564","SARS-CoV-2 3CL-Pro protease inhibition IC50 determined by FRET kind of response from peptide substrate","",2020,"0","182.22","3.21"
"CHEMBL313154","Nc1cc2c3ccccc3ccc2c2ccccc12","IC50","'='",11640,"nM",4.93,"CHEMBL4303835","SARS-CoV-2","CHEMBL4495565","Determination of IC50 values for inhibition of SARS-CoV-2 induced cytotoxicity of VERO-E6 cells after 48 hours  exposure to 0.01 MOI SARS CoV-2 virus by high content imaging","",2020,"0","243.31","4.73"
"CHEMBL1551597","CC(C)[C@H]1c2ccc(F)cc2CC[C@@]1(CCN(C)CCCc1nc2ccccc2[nH]1)OC(=O)C1CC1","IC50","'='",8210,"nM",5.09,"CHEMBL4303835","SARS-CoV-2","CHEMBL4495565","Determination of IC50 values for inhibition of SARS-CoV-2 induced cytotoxicity of VERO-E6 cells after 48 hours  exposure to 0.01 MOI SARS CoV-2 virus by high content imaging","",2020,"1","491.65","6.03"
"CHEMBL2107818","COc1cccc2c1C(=O)c1c(O)c3c(c(O)c1C2=O)C[C@@](O)(/C(CO)=N/NC(=O)CCCCCN1C(=O)C=CC1=O)C[C@@H]3O[C@H]1C[C@H](N)[C@H](O)[C@H](C)O1","IC50","'='",580,"nM",6.24,"CHEMBL4523582","Replicase polyprotein 1ab","CHEMBL4495564","SARS-CoV-2 3CL-Pro protease inhibition IC50 determined by FRET kind of response from peptide substrate","",2020,"3","750.76","0.39"
"CHEMBL111654","Sc1nc2ccccc2s1","IC50","'='",1740,"nM",5.76,"CHEMBL4523582","Replicase polyprotein 1ab","CHEMBL4495564","SARS-CoV-2 3CL-Pro protease inhibition IC50 determined by FRET kind of response from peptide substrate","",2020,"0","167.26","2.59"
"CHEMBL4303163","CCS(=O)(=O)N(Cc1cccnc1)c1cccc(-c2ccc(C#N)cc2)c1","IC50","'='",17050,"nM",4.77,"CHEMBL4303835","SARS-CoV-2","CHEMBL4303101","Determination of IC50 values for inhibition of SARS-CoV-2 induced cytotoxicity of Caco-2 cells after 48 hours by high content imaging","",2020,"0","377.47","3.98"
"CHEMBL1214141","Cc1ccc(Nc2ncc3c(n2)N(C)C(=O)N(c2cc(NC(=O)c4cccc(C(F)(F)F)c4)ccc2C)C3)cn1","IC50","'='",5210,"nM",5.28,"CHEMBL4303835","SARS-CoV-2","CHEMBL4495565","Determination of IC50 values for inhibition of SARS-CoV-2 induced cytotoxicity of VERO-E6 cells after 48 hours  exposure to 0.01 MOI SARS CoV-2 virus by high content imaging","",2020,"2","547.54","6.08"
"CHEMBL3039525","CN1CCN(C2CCN(C(=O)Nc3cc(Oc4ccc(NC(=O)C5(C(=O)Nc6ccc(F)cc6)CC5)c(F)c4)ccn3)CC2)CC1","IC50","'='",5890,"nM",5.23,"CHEMBL4303835","SARS-CoV-2","CHEMBL4495565","Determination of IC50 values for inhibition of SARS-CoV-2 induced cytotoxicity of VERO-E6 cells after 48 hours  exposure to 0.01 MOI SARS CoV-2 virus by high content imaging","",2020,"1","633.70","4.75"
"CHEMBL477197","Oc1cc2c(cc1O)[C@@H]1c3ccc(O)c(O)c3OC[C@]1(O)C2","IC50","'='",220,"nM",6.66,"CHEMBL4523582","Replicase polyprotein 1ab","CHEMBL4495564","SARS-CoV-2 3CL-Pro protease inhibition IC50 determined by FRET kind of response from peptide substrate","",2020,"0","302.28","1.32"
"CHEMBL1257040","CN1CCN(CCCN2c3ccccc3Sc3ccc(C(F)(F)F)cc32)CC1","IC50","'='",16650,"nM",4.78,"CHEMBL4303835","SARS-CoV-2","CHEMBL4495565","Determination of IC50 values for inhibition of SARS-CoV-2 induced cytotoxicity of VERO-E6 cells after 48 hours  exposure to 0.01 MOI SARS CoV-2 virus by high content imaging","",2020,"0","480.43","4.95"
"CHEMBL3665060","CN1CCN(C(=O)c2ccc(-c3ccc4c(C=O)c(O)ccc4c3)s2)CC1","IC50","'='",1330,"nM",5.88,"CHEMBL4523582","Replicase polyprotein 1ab","CHEMBL4495564","SARS-CoV-2 3CL-Pro protease inhibition IC50 determined by FRET kind of response from peptide substrate","",2020,"0","380.47","3.47"
"CHEMBL3707331","C[C@@H](OC[C@@]1(c2ccccc2)CC[C@]2(CCC(=O)N2)CN1)c1cc(C(F)(F)F)cc(C(F)(F)F)c1","IC50","'='",19630,"nM",4.71,"CHEMBL4303835","SARS-CoV-2","CHEMBL4495565","Determination of IC50 values for inhibition of SARS-CoV-2 induced cytotoxicity of VERO-E6 cells after 48 hours  exposure to 0.01 MOI SARS CoV-2 virus by high content imaging","",2020,"2","500.48","5.73"
"CHEMBL73451","c1ccc2c(c1)Sc1ccccc1N2CC1CN2CCC1CC2","IC50","'='",7280,"nM",5.14,"CHEMBL4303835","SARS-CoV-2","CHEMBL4303084","Antiviral activity against SARS-CoV-2 (viral titer) measured by plaque assay in Vero cells at MOI 0.0125 after 24 hr","",2020,"0","322.48","4.63"
"CHEMBL1205","Cc1c(O)cccc1C(=O)N[C@@H](CSc1ccccc1)[C@H](O)CN1C[C@H]2CCCC[C@H]2C[C@H]1C(=O)NC(C)(C)C","IC50","'='",7080,"nM",5.15,"CHEMBL4303835","SARS-CoV-2","CHEMBL4495565","Determination of IC50 values for inhibition of SARS-CoV-2 induced cytotoxicity of VERO-E6 cells after 48 hours  exposure to 0.01 MOI SARS CoV-2 virus by high content imaging","",2020,"1","663.90","4.75"
"CHEMBL564131","Cn1nc(C(C)(C)C)cc1C(=O)N[C@@H](Cc1cccc(Cl)c1)C(=O)NCC#N","IC50","'='",8980,"nM",5.05,"CHEMBL4303835","SARS-CoV-2","CHEMBL4495565","Determination of IC50 values for inhibition of SARS-CoV-2 induced cytotoxicity of VERO-E6 cells after 48 hours  exposure to 0.01 MOI SARS CoV-2 virus by high content imaging","",2020,"0","401.90","2.35"
"CHEMBL2074689","O[C@@H](COc1cccc2ncccc12)CN1CCN([C@@H]2c3ccccc3[C@@H]3[C@H](c4ccccc42)C3(F)F)CC1","IC50","'='",8400,"nM",5.08,"CHEMBL4303835","SARS-CoV-2","CHEMBL4495565","Determination of IC50 values for inhibition of SARS-CoV-2 induced cytotoxicity of VERO-E6 cells after 48 hours  exposure to 0.01 MOI SARS CoV-2 virus by high content imaging","",2020,"2","637.00","5.21"
"CHEMBL1201746","C#CCC(Cc1cnc2nc(N)nc(N)c2n1)c1ccc(C(=O)N[C@@H](CCC(=O)O)C(=O)O)cc1","IC50","'='",60,"nM",7.22,"CHEMBL4303835","SARS-CoV-2","CHEMBL4495565","Determination of IC50 values for inhibition of SARS-CoV-2 induced cytotoxicity of VERO-E6 cells after 48 hours  exposure to 0.01 MOI SARS CoV-2 virus by high content imaging","",2020,"0","477.48","0.98"
"CHEMBL4539742","COc1ccc(-c2c[nH]c3nccc(-c4ccsc4)c23)c(OC)c1","IC50","'='",15790,"nM",4.8,"CHEMBL4303835","SARS-CoV-2","CHEMBL4495565","Determination of IC50 values for inhibition of SARS-CoV-2 induced cytotoxicity of VERO-E6 cells after 48 hours  exposure to 0.01 MOI SARS CoV-2 virus by high content imaging","",2020,"0","336.42","4.98"
"CHEMBL1886408","CCOC(=O)Cc1ccc(-c2ccccc2)cc1","IC50","'='",200,"nM",6.7,"CHEMBL4523582","Replicase polyprotein 1ab","CHEMBL4495564","SARS-CoV-2 3CL-Pro protease inhibition IC50 determined by FRET kind of response from peptide substrate","",2020,"0","240.30","3.46"
"CHEMBL3775982","Clc1ccccc1CNC[C@H]1CC[C@H](CNCc2ccccc2Cl)CC1","IC50","'='",22710,"nM",4.64,"CHEMBL4303835","SARS-CoV-2","CHEMBL4495565","Determination of IC50 values for inhibition of SARS-CoV-2 induced cytotoxicity of VERO-E6 cells after 48 hours  exposure to 0.01 MOI SARS CoV-2 virus by high content imaging","",2020,"1","464.31","5.68"
"CHEMBL160","C/C=C/C[C@@H](C)[C@@H](O)[C@H]1C(=O)N[C@@H](CC)C(=O)N(C)CC(=O)N(C)[C@@H](CC(C)C)C(=O)N[C@@H](C(C)C)C(=O)N(C)[C@@H](CC(C)C)C(=O)N[C@@H](C)C(=O)N[C@H](C)C(=O)N(C)[C@@H](CC(C)C)C(=O)N(C)[C@@H](CC(C)C)C(=O)N(C)[C@@H](C(C)C)C(=O)N1C","IC50","'='",5820,"nM",5.24,"CHEMBL4303835","SARS-CoV-2","CHEMBL4303084","Antiviral activity against SARS-CoV-2 (viral titer) measured by plaque assay in Vero cells at MOI 0.0125 after 24 hr","",2020,"None","1202.63","None"
"CHEMBL388676","O=C1C2CC=CCC2C(=O)N1SC(Cl)(Cl)Cl","IC50","'='",670,"nM",6.17,"CHEMBL4523582","Replicase polyprotein 1ab","CHEMBL4495564","SARS-CoV-2 3CL-Pro protease inhibition IC50 determined by FRET kind of response from peptide substrate","",2020,"0","300.59","2.91"
"CHEMBL1474701","O=C1C=CC(=O)C2=C1C1c3ccccc3C2c2ccccc21","IC50","'='",240,"nM",6.62,"CHEMBL4523582","Replicase polyprotein 1ab","CHEMBL4495564","SARS-CoV-2 3CL-Pro protease inhibition IC50 determined by FRET kind of response from peptide substrate","",2020,"0","284.31","3.28"
"CHEMBL1422849","CCN1CCN(C(c2ccc(C(F)(F)F)cc2)c2ccc3cccnc3c2O)CC1","IC50","'='",150,"nM",6.82,"CHEMBL4523582","Replicase polyprotein 1ab","CHEMBL4495564","SARS-CoV-2 3CL-Pro protease inhibition IC50 determined by FRET kind of response from peptide substrate","",2020,"0","415.46","4.69"
"CHEMBL300389","OCCCNc1cc(-c2ccnc(Nc3cccc(Cl)c3)n2)ccn1","IC50","'='",7900,"nM",5.1,"CHEMBL4303835","SARS-CoV-2","CHEMBL4495565","Determination of IC50 values for inhibition of SARS-CoV-2 induced cytotoxicity of VERO-E6 cells after 48 hours  exposure to 0.01 MOI SARS CoV-2 virus by high content imaging","",2020,"0","355.83","3.73"
"CHEMBL1651956","C/C=C/C[C@@H](C)[C@@H](O)[C@H]1C(=O)N[C@@H](CC)C(=O)N(C)[C@H](C)C(=O)N(CC)[C@@H](C(C)C)C(=O)N[C@@H](C(C)C)C(=O)N(C)[C@@H](CC(C)C)C(=O)N[C@@H](C)C(=O)N[C@H](C)C(=O)N(C)[C@@H](CC(C)C)C(=O)N(C)[C@@H](CC(C)C)C(=O)N(C)[C@@H](C(C)C)C(=O)N1C","IC50","'='",3100,"nM",5.51,"CHEMBL4303835","SARS-CoV-2","CHEMBL4303101","Determination of IC50 values for inhibition of SARS-CoV-2 induced cytotoxicity of Caco-2 cells after 48 hours by high content imaging","",2020,"None","1216.66","None"
"CHEMBL95431","NC(=O)c1nnn(Cc2cc(Cl)c(C(=O)c3ccc(Cl)cc3)c(Cl)c2)c1N","IC50","'='",90,"nM",7.05,"CHEMBL4303835","SARS-CoV-2","CHEMBL4303101","Determination of IC50 values for inhibition of SARS-CoV-2 induced cytotoxicity of Caco-2 cells after 48 hours by high content imaging","",2020,"0","424.68","3.20"
"CHEMBL4303677","FC(F)(F)Oc1ccc2nc(-c3ccc(OCCOCCOc4ccc(-c5nc6ccc(OC(F)(F)F)cc6[nH]5)nc4)cn3)[nH]c2c1","IC50","'='",190,"nM",6.72,"CHEMBL4303835","SARS-CoV-2","CHEMBL4303101","Determination of IC50 values for inhibition of SARS-CoV-2 induced cytotoxicity of Caco-2 cells after 48 hours by high content imaging","",2020,"2","660.53","6.83"
"CHEMBL529","CC[C@H]1OC(=O)[C@H](C)[C@@H](O[C@H]2C[C@@](C)(OC)[C@@H](O)[C@H](C)O2)[C@H](C)[C@@H](O[C@@H]2O[C@H](C)C[C@H](N(C)C)[C@H]2O)[C@](C)(O)C[C@@H](C)CN(C)[C@H](C)[C@@H](O)[C@]1(C)O","IC50","'='",7762471.17,"nM",NA,"CHEMBL4303835","SARS-CoV-2","CHEMBL4303773","IC50 for antiviral activity against SARS-CoV-2 in the Vero E6 cell line at 48 h by immunofluorescence-based assay (detecting the viral NP protein in the nucleus of the Vero E6 cells).","Nature",2020,"2","749.00","1.90"
"CHEMBL1057","O=C1OC2(c3ccc(O)cc3Oc3cc(O)ccc32)c2ccccc21","IC50","'='",670,"nM",6.17,"CHEMBL4303835","SARS-CoV-2","CHEMBL4495565","Determination of IC50 values for inhibition of SARS-CoV-2 induced cytotoxicity of VERO-E6 cells after 48 hours  exposure to 0.01 MOI SARS CoV-2 virus by high content imaging","",2020,"0","332.31","3.67"
"CHEMBL128251","O=C(O)CCCCCCCCCCCCCCc1ccc(I)cc1","IC50","'='",2250,"nM",5.65,"CHEMBL4523582","Replicase polyprotein 1ab","CHEMBL4495564","SARS-CoV-2 3CL-Pro protease inhibition IC50 determined by FRET kind of response from peptide substrate","",2020,"1","444.40","6.99"
"CHEMBL3797437","Oc1cc2c(cc1C(c1ccc(C(F)(F)F)cc1)N1CCOCC1)OCO2","IC50","'='",540,"nM",6.27,"CHEMBL4523582","Replicase polyprotein 1ab","CHEMBL4495564","SARS-CoV-2 3CL-Pro protease inhibition IC50 determined by FRET kind of response from peptide substrate","",2020,"0","381.35","3.56"
"CHEMBL9116","CNC(=O)ON(C(C)=O)C(=O)NC","IC50","'='",1330,"nM",5.88,"CHEMBL4523582","Replicase polyprotein 1ab","CHEMBL4495564","SARS-CoV-2 3CL-Pro protease inhibition IC50 determined by FRET kind of response from peptide substrate","",2020,"0","189.17","-0.55"
"CHEMBL2135651","CC[C@@H](C(=O)O)C1CC[C@H](C)C([C@@H](C)[C@H](O)[C@H](C)C(=O)[C@H](CC)C2O[C@]3(C=C[C@@H](O)[C@]4(CC[C@@](C)(C5CC[C@](O)(CC)[C@H](C)O5)O4)O3)[C@H](C)C[C@@H]2C)O1","IC50","'='",380,"nM",6.42,"CHEMBL4303835","SARS-CoV-2","CHEMBL4495565","Determination of IC50 values for inhibition of SARS-CoV-2 induced cytotoxicity of VERO-E6 cells after 48 hours  exposure to 0.01 MOI SARS CoV-2 virus by high content imaging","",2020,"2","751.01","6.19"
"CHEMBL83626","CC(C)(Sc1cc(C(C)(C)C)c(O)c(C(C)(C)C)c1)Sc1cc(C(C)(C)C)c(OC(=O)CCC(=O)O)c(C(C)(C)C)c1","IC50","'='",17210,"nM",4.76,"CHEMBL4303835","SARS-CoV-2","CHEMBL4495565","Determination of IC50 values for inhibition of SARS-CoV-2 induced cytotoxicity of VERO-E6 cells after 48 hours  exposure to 0.01 MOI SARS CoV-2 virus by high content imaging","",2020,"2","616.93","9.97"
"CHEMBL1200930","COCCCOc1ccnc(C[S+]([O-])c2nc3ccccc3[n-]2)c1C","IC50","'='",740,"nM",6.13,"CHEMBL4523582","Replicase polyprotein 1ab","CHEMBL4495564","SARS-CoV-2 3CL-Pro protease inhibition IC50 determined by FRET kind of response from peptide substrate","",2020,"0","381.43","2.99"
"CHEMBL1562779","CCCCCCCCCCCCCCOc1ccc(C(=O)O)o1","IC50","'='",4040,"nM",5.39,"CHEMBL4303835","SARS-CoV-2","CHEMBL4495565","Determination of IC50 values for inhibition of SARS-CoV-2 induced cytotoxicity of VERO-E6 cells after 48 hours  exposure to 0.01 MOI SARS CoV-2 virus by high content imaging","",2020,"1","324.46","6.06"
"CHEMBL289356","Sc1nnc(Nc2ccccc2)s1","IC50","'='",390,"nM",6.41,"CHEMBL4523582","Replicase polyprotein 1ab","CHEMBL4495564","SARS-CoV-2 3CL-Pro protease inhibition IC50 determined by FRET kind of response from peptide substrate","",2020,"0","209.30","2.57"
"CHEMBL3407547","COc1ccccc1[C@H](Cn1c(=O)n(C(C)(C)C(=O)O)c(=O)c2c(C)c(-c3ncco3)sc21)OC1CCOCC1","IC50","'='",380,"nM",6.42,"CHEMBL4303835","SARS-CoV-2","CHEMBL4495565","Determination of IC50 values for inhibition of SARS-CoV-2 induced cytotoxicity of VERO-E6 cells after 48 hours  exposure to 0.01 MOI SARS CoV-2 virus by high content imaging","",2020,"2","569.64","3.95"
"CHEMBL1459140","CC(C)(C)C(=O)/C(=C/c1cccc([N+](=O)[O-])c1)n1cncn1","IC50","'='",4330,"nM",5.36,"CHEMBL4303835","SARS-CoV-2","CHEMBL4495565","Determination of IC50 values for inhibition of SARS-CoV-2 induced cytotoxicity of VERO-E6 cells after 48 hours  exposure to 0.01 MOI SARS CoV-2 virus by high content imaging","",2020,"0","300.32","2.80"
"CHEMBL286494","Cc1cc(O)c2c(=O)c3c(O)cc(O)c4c5c(O)cc(O)c6c(=O)c7c(O)cc(C)c8c1c2c(c34)c(c78)c65","IC50","'='",250,"nM",6.6,"CHEMBL4303835","SARS-CoV-2","CHEMBL4495565","Determination of IC50 values for inhibition of SARS-CoV-2 induced cytotoxicity of VERO-E6 cells after 48 hours  exposure to 0.01 MOI SARS CoV-2 virus by high content imaging","",2020,"3","504.45","5.08"
"CHEMBL450786","Cc1[nH]c(/C=C2\C(=O)Nc3ccc(S(=O)(=O)Cc4c(Cl)cccc4Cl)cc32)c(C)c1C(=O)N1CCC[C@@H]1CN1CCCC1","IC50","'='",4970,"nM",5.3,"CHEMBL4303835","SARS-CoV-2","CHEMBL4495565","Determination of IC50 values for inhibition of SARS-CoV-2 induced cytotoxicity of VERO-E6 cells after 48 hours  exposure to 0.01 MOI SARS CoV-2 virus by high content imaging","",2020,"2","641.62","6.11"
"CHEMBL2355051","CCN(CC)CCOc1ccc(C(=C(Cl)c2ccccc2)c2ccccc2)cc1","IC50","'='",5360,"nM",5.27,"CHEMBL4303835","SARS-CoV-2","CHEMBL4303084","Antiviral activity against SARS-CoV-2 (viral titer) measured by plaque assay in Vero cells at MOI 0.0125 after 24 hr","",2020,"1","405.97","6.56"
"CHEMBL264373","Cc1nc(N)nc(N)c1-c1ccc(Cl)c(Cl)c1","IC50","'='",2340,"nM",5.63,"CHEMBL4303835","SARS-CoV-2","CHEMBL4495565","Determination of IC50 values for inhibition of SARS-CoV-2 induced cytotoxicity of VERO-E6 cells after 48 hours  exposure to 0.01 MOI SARS CoV-2 virus by high content imaging","",2020,"0","269.13","2.92"
"CHEMBL3609407","CCS(=O)(=O)c1ccc(CC(=O)Nc2cc(Cl)c(-c3ccccc3OC(F)(F)F)c(Cl)c2)cc1","IC50","'='",21000,"nM",4.68,"CHEMBL4303835","SARS-CoV-2","CHEMBL4495565","Determination of IC50 values for inhibition of SARS-CoV-2 induced cytotoxicity of VERO-E6 cells after 48 hours  exposure to 0.01 MOI SARS CoV-2 virus by high content imaging","",2020,"2","532.37","6.53"
"CHEMBL301499","Nc1ncnc2c1ncn2[C@@H]1CC[C@@H](O)[C@H]1O","IC50","'='",3690,"nM",5.43,"CHEMBL4303835","SARS-CoV-2","CHEMBL4495565","Determination of IC50 values for inhibition of SARS-CoV-2 induced cytotoxicity of VERO-E6 cells after 48 hours  exposure to 0.01 MOI SARS CoV-2 virus by high content imaging","",2020,"0","235.25","-0.53"
"CHEMBL1374426","CCC(=O)OCN1C(=O)C=CC1=O","IC50","'='",290,"nM",6.54,"CHEMBL4523582","Replicase polyprotein 1ab","CHEMBL4495564","SARS-CoV-2 3CL-Pro protease inhibition IC50 determined by FRET kind of response from peptide substrate","",2020,"0","183.16","-0.18"
"CHEMBL550495","CN(C)c1ccc2nc3ccc(=[N+](C)C)cc-3sc2c1","IC50","'='",2030,"nM",5.69,"CHEMBL4303835","SARS-CoV-2","CHEMBL4303101","Determination of IC50 values for inhibition of SARS-CoV-2 induced cytotoxicity of Caco-2 cells after 48 hours by high content imaging","",2020,"0","373.91","2.50"
"CHEMBL1107","CCCCN(CCCC)CCC(O)c1cc2c(Cl)cc(Cl)cc2c2cc(C(F)(F)F)ccc12","IC50","'='",5310,"nM",5.28,"CHEMBL4303835","SARS-CoV-2","CHEMBL4495565","Determination of IC50 values for inhibition of SARS-CoV-2 induced cytotoxicity of VERO-E6 cells after 48 hours  exposure to 0.01 MOI SARS CoV-2 virus by high content imaging","",2020,"2","500.43","8.64"
"CHEMBL3913746","CC(C)(O)CNc1ncc(-c2ccnc(Nc3ccnc(Cl)c3)n2)c(CC2CC2)n1","IC50","'='",400,"nM",6.4,"CHEMBL4303835","SARS-CoV-2","CHEMBL4495565","Determination of IC50 values for inhibition of SARS-CoV-2 induced cytotoxicity of VERO-E6 cells after 48 hours  exposure to 0.01 MOI SARS CoV-2 virus by high content imaging","",2020,"0","425.92","3.86"
"CHEMBL70663","Cc1cc(C)c(Nc2ccnc(Nc3ccc(C#N)cc3)n2)c(C)c1","IC50","'='",730,"nM",6.14,"CHEMBL4303835","SARS-CoV-2","CHEMBL4303101","Determination of IC50 values for inhibition of SARS-CoV-2 induced cytotoxicity of Caco-2 cells after 48 hours by high content imaging","",2020,"0","329.41","4.76"
"CHEMBL374632","CCN(CC)c1ccc2cc(-c3nc4ccccc4[nH]3)c(=O)oc2c1","IC50","'='",360,"nM",6.44,"CHEMBL4303835","SARS-CoV-2","CHEMBL4495565","Determination of IC50 values for inhibition of SARS-CoV-2 induced cytotoxicity of VERO-E6 cells after 48 hours  exposure to 0.01 MOI SARS CoV-2 virus by high content imaging","",2020,"0","333.39","4.18"
"CHEMBL4303503","C=C1C(=O)[C@]23[C@H](O)[C@H]1CC[C@@H]2[C@@]12CO[C@]3(O)C[C@@H]1C(C)(C)CC[C@@H]2O","IC50","'='",2570,"nM",5.59,"CHEMBL4523582","Replicase polyprotein 1ab","CHEMBL4495564","SARS-CoV-2 3CL-Pro protease inhibition IC50 determined by FRET kind of response from peptide substrate","",2020,"0","348.44","1.40"
"CHEMBL1380480","COc1cc(C(=S)N2CCOCC2)ccc1O","IC50","'='",1320,"nM",5.88,"CHEMBL4523582","Replicase polyprotein 1ab","CHEMBL4495564","SARS-CoV-2 3CL-Pro protease inhibition IC50 determined by FRET kind of response from peptide substrate","",2020,"0","253.32","1.41"
"CHEMBL1591074","c1ccc2sc(SNC3CCCCC3)nc2c1","IC50","'='",770,"nM",6.11,"CHEMBL4523582","Replicase polyprotein 1ab","CHEMBL4495564","SARS-CoV-2 3CL-Pro protease inhibition IC50 determined by FRET kind of response from peptide substrate","",2020,"0","264.42","4.23"
"CHEMBL28","O=c1cc(-c2ccc(O)cc2)oc2cc(O)cc(O)c12","IC50","'='",3020,"nM",5.52,"CHEMBL4523582","Replicase polyprotein 1ab","CHEMBL4495564","SARS-CoV-2 3CL-Pro protease inhibition IC50 determined by FRET kind of response from peptide substrate","",2020,"0","270.24","2.58"
"CHEMBL4303187","CN(C)c1cccc(-c2c3c(=O)n(-c4ccccc4Cl)[nH]c3cc(=O)n2C)c1","IC50","'='",11780,"nM",4.93,"CHEMBL4303835","SARS-CoV-2","CHEMBL4495565","Determination of IC50 values for inhibition of SARS-CoV-2 induced cytotoxicity of VERO-E6 cells after 48 hours  exposure to 0.01 MOI SARS CoV-2 virus by high content imaging","",2020,"0","394.86","3.40"
"CHEMBL52","CC(Cc1ccc(O)c(O)c1)C(C)Cc1ccc(O)c(O)c1","IC50","'='",2590,"nM",5.59,"CHEMBL4523582","Replicase polyprotein 1ab","CHEMBL4495564","SARS-CoV-2 3CL-Pro protease inhibition IC50 determined by FRET kind of response from peptide substrate","",2020,"0","302.37","3.57"
"CHEMBL2178735","Nc1ccc(C(=O)Nc2cccc(-c3nc(N4CCOCC4)c4oc5ncccc5c4n3)c2)cn1","IC50","'='",4730,"nM",5.33,"CHEMBL4303835","SARS-CoV-2","CHEMBL4495565","Determination of IC50 values for inhibition of SARS-CoV-2 induced cytotoxicity of VERO-E6 cells after 48 hours  exposure to 0.01 MOI SARS CoV-2 virus by high content imaging","",2020,"0","467.49","3.50"
"CHEMBL415606","CC(=O)N[C@H](Cc1ccc2ccccc2c1)C(=O)N[C@H](Cc1ccc(Cl)cc1)C(=O)N[C@H](Cc1cccnc1)C(=O)N[C@@H](CO)C(=O)N[C@@H](Cc1ccc(NC(=O)[C@@H]2CC(=O)NC(=O)N2)cc1)C(=O)N[C@H](Cc1ccc(NC(N)=O)cc1)C(=O)N[C@@H](CC(C)C)C(=O)N[C@@H](CCCCNC(C)C)C(=O)N1CCC[C@H]1C(=O)N[C@H](C)C(N)=O","IC50","'='",20650,"nM",4.68,"CHEMBL4303835","SARS-CoV-2","CHEMBL4495565","Determination of IC50 values for inhibition of SARS-CoV-2 induced cytotoxicity of VERO-E6 cells after 48 hours  exposure to 0.01 MOI SARS CoV-2 virus by high content imaging","",2020,"None","1632.29","None"
"CHEMBL412099","N#Cc1cccc(C#N)c1-c1nc2c3ccc(Cl)cc3c3ccccc3c2[nH]1","IC50","'='",13290,"nM",4.88,"CHEMBL4303835","SARS-CoV-2","CHEMBL4495565","Determination of IC50 values for inhibition of SARS-CoV-2 induced cytotoxicity of VERO-E6 cells after 48 hours  exposure to 0.01 MOI SARS CoV-2 virus by high content imaging","",2020,"1","378.82","5.93"
"CHEMBL4303312","Oc1c(I)cc(I)c(O)c1I","IC50","'='",330,"nM",6.48,"CHEMBL4523582","Replicase polyprotein 1ab","CHEMBL4495564","SARS-CoV-2 3CL-Pro protease inhibition IC50 determined by FRET kind of response from peptide substrate","",2020,"0","487.80","2.91"
"CHEMBL188678","O=c1cc(N2CCOCC2)oc2c(-c3cccc4c3sc3ccccc34)cccc12","IC50","'='",3790,"nM",5.42,"CHEMBL4303835","SARS-CoV-2","CHEMBL4495565","Determination of IC50 values for inhibition of SARS-CoV-2 induced cytotoxicity of VERO-E6 cells after 48 hours  exposure to 0.01 MOI SARS CoV-2 virus by high content imaging","",2020,"1","413.50","5.66"
"CHEMBL2441082","COc1cc2c(NC3CCN(C(C)C)CC3)nc(N3CCC(F)(F)CC3)nc2cc1OCCCN1CCCC1","IC50","'='",16730,"nM",4.78,"CHEMBL4303835","SARS-CoV-2","CHEMBL4495565","Determination of IC50 values for inhibition of SARS-CoV-2 induced cytotoxicity of VERO-E6 cells after 48 hours  exposure to 0.01 MOI SARS CoV-2 virus by high content imaging","",2020,"2","546.71","5.02"
"CHEMBL254760","Cn1cnc(-c2cc3nccc(Oc4ccc(NC(=S)NC(=O)Cc5ccccc5)cc4F)c3s2)c1","IC50","'='",1040,"nM",5.98,"CHEMBL4303835","SARS-CoV-2","CHEMBL4495565","Determination of IC50 values for inhibition of SARS-CoV-2 induced cytotoxicity of VERO-E6 cells after 48 hours  exposure to 0.01 MOI SARS CoV-2 virus by high content imaging","",2020,"2","517.61","5.68"
"CHEMBL727","Nc1nc2[nH]cnc2c(=S)[nH]1","IC50","'='",1710,"nM",5.77,"CHEMBL4303835","SARS-CoV-2","CHEMBL4303101","Determination of IC50 values for inhibition of SARS-CoV-2 induced cytotoxicity of Caco-2 cells after 48 hours by high content imaging","",2020,"0","167.20","0.60"
"CHEMBL314639","N#Cc1cc2c(OCC(O)CN3CCN(C(c4ccccc4)c4ccccc4)CC3)cccc2[nH]1","IC50","'='",25630,"nM",4.59,"CHEMBL4303835","SARS-CoV-2","CHEMBL4495565","Determination of IC50 values for inhibition of SARS-CoV-2 induced cytotoxicity of VERO-E6 cells after 48 hours  exposure to 0.01 MOI SARS CoV-2 virus by high content imaging","",2020,"0","466.59","4.19"
"CHEMBL583194","c1cncc(CN2CCC(n3ncc4c(N5CCOCC5)nc(-c5ccc6[nH]ccc6c5)nc43)CC2)c1","IC50","'='",9430,"nM",5.03,"CHEMBL4303835","SARS-CoV-2","CHEMBL4495565","Determination of IC50 values for inhibition of SARS-CoV-2 induced cytotoxicity of VERO-E6 cells after 48 hours  exposure to 0.01 MOI SARS CoV-2 virus by high content imaging","",2020,"0","494.60","4.04"
"CHEMBL449782","COc1ccc2cc1Oc1ccc(cc1)C[C@H]1c3c(cc4c(c3Oc3cc5c(cc3OC)CCN(C)[C@@H]5C2)OCO4)CCN1C","IC50","'='",4470,"nM",5.35,"CHEMBL4303835","SARS-CoV-2","CHEMBL4303084","Antiviral activity against SARS-CoV-2 (viral titer) measured by plaque assay in Vero cells at MOI 0.0125 after 24 hr","",2020,"2","606.72","6.87"
"CHEMBL1397","CC[C@@H]([C@H](C)O)n1ncn(-c2ccc(N3CCN(c4ccc(OC[C@@H]5CO[C@@](Cn6cncn6)(c6ccc(F)cc6F)C5)cc4)CC3)cc2)c1=O","IC50","'='",1610,"nM",5.79,"CHEMBL4303835","SARS-CoV-2","CHEMBL4303101","Determination of IC50 values for inhibition of SARS-CoV-2 induced cytotoxicity of Caco-2 cells after 48 hours by high content imaging","",2020,"2","700.79","4.57"
"CHEMBL2105698","CN1CC[C@H](c2c(O)cc(O)c3c(=O)cc(-c4ccccc4Cl)oc23)[C@H](O)C1","IC50","'='",590,"nM",6.23,"CHEMBL4303835","SARS-CoV-2","CHEMBL4303101","Determination of IC50 values for inhibition of SARS-CoV-2 induced cytotoxicity of Caco-2 cells after 48 hours by high content imaging","",2020,"0","438.31","3.30"
"CHEMBL75232","Clc1ccc(Nc2nnc(Cc3ccncc3)c3ccccc23)cc1","IC50","'='",18270,"nM",4.74,"CHEMBL4303835","SARS-CoV-2","CHEMBL4303101","Determination of IC50 values for inhibition of SARS-CoV-2 induced cytotoxicity of Caco-2 cells after 48 hours by high content imaging","",2020,"1","464.91","5.01"
"CHEMBL178334","CC(C)N1CCN(c2ccc(C(=O)c3c(-c4ccc(O)cc4)sc4cc(O)ccc34)cc2)CC1","IC50","'='",29870,"nM",4.53,"CHEMBL4303835","SARS-CoV-2","CHEMBL4495565","Determination of IC50 values for inhibition of SARS-CoV-2 induced cytotoxicity of VERO-E6 cells after 48 hours  exposure to 0.01 MOI SARS CoV-2 virus by high content imaging","",2020,"1","472.61","5.74"
"CHEMBL2105737","Cc1c(C(=O)Nc2ccc(N3C[C@H](C)O[C@H](C)C3)nc2)cccc1-c1ccc(OC(F)(F)F)cc1","IC50","'='",10670,"nM",4.97,"CHEMBL4303835","SARS-CoV-2","CHEMBL4303101","Determination of IC50 values for inhibition of SARS-CoV-2 induced cytotoxicity of Caco-2 cells after 48 hours by high content imaging","",2020,"1","485.51","5.82"
"CHEMBL1475252","COc1ccc2[nH]c([S+]([O-])Cc3ncc(C)c(OC)c3C)nc2n1","IC50","'='",970,"nM",6.01,"CHEMBL4523582","Replicase polyprotein 1ab","CHEMBL4495564","SARS-CoV-2 3CL-Pro protease inhibition IC50 determined by FRET kind of response from peptide substrate","",2020,"0","346.41","2.29"
"CHEMBL1336727","CN1CCN(CC/C=C2\c3ccccc3Sc3ccc(S(=O)(=O)N(C)C)cc32)CC1","IC50","'='",18240,"nM",4.74,"CHEMBL4303835","SARS-CoV-2","CHEMBL4495565","Determination of IC50 values for inhibition of SARS-CoV-2 induced cytotoxicity of VERO-E6 cells after 48 hours  exposure to 0.01 MOI SARS CoV-2 virus by high content imaging","",2020,"0","443.64","3.47"
"CHEMBL403183","Cc1ccc(S(=O)(=O)/C=C/C#N)cc1","IC50","'='",820,"nM",6.09,"CHEMBL4523582","Replicase polyprotein 1ab","CHEMBL4495564","SARS-CoV-2 3CL-Pro protease inhibition IC50 determined by FRET kind of response from peptide substrate","",2020,"0","207.25","1.81"
"CHEMBL1608472","Cc1cc(C)cc(N2C(=O)CC(Sc3nc[nH]n3)C2=O)c1","IC50","'='",3170,"nM",5.5,"CHEMBL4523582","Replicase polyprotein 1ab","CHEMBL4495564","SARS-CoV-2 3CL-Pro protease inhibition IC50 determined by FRET kind of response from peptide substrate","",2020,"0","302.36","1.85"
"CHEMBL571700","CN(C)C(=S)SC(=S)N(C)C","IC50","'='",940,"nM",6.03,"CHEMBL4523582","Replicase polyprotein 1ab","CHEMBL4495564","SARS-CoV-2 3CL-Pro protease inhibition IC50 determined by FRET kind of response from peptide substrate","",2020,"0","208.38","1.41"
"CHEMBL507100","COc1cc(C[C@H]2c3cc(OC)c(OC)cc3CCN2C)c(Oc2cc3c(cc2OC)-c2c(OC)c(OC)cc4c2[C@H](C3)N(C)CC4)cc1OC","IC50","'='",3870,"nM",5.41,"CHEMBL4303835","SARS-CoV-2","CHEMBL4495565","Determination of IC50 values for inhibition of SARS-CoV-2 induced cytotoxicity of VERO-E6 cells after 48 hours  exposure to 0.01 MOI SARS CoV-2 virus by high content imaging","",2020,"2","696.84","7.06"
"CHEMBL168067","C[N+]1(C)CCC(OC(=O)C(c2ccccc2)c2ccccc2)CC1","IC50","'='",2360,"nM",5.63,"CHEMBL4523582","Replicase polyprotein 1ab","CHEMBL4495564","SARS-CoV-2 3CL-Pro protease inhibition IC50 determined by FRET kind of response from peptide substrate","",2020,"0","324.44","3.60"
"CHEMBL149201","Cc1[nH]c(/C=C2\C(=O)Nc3cc(-c4ccccc4)ccc32)c(C)c1CCC(=O)O","IC50","'='",4100,"nM",5.39,"CHEMBL4303835","SARS-CoV-2","CHEMBL4495565","Determination of IC50 values for inhibition of SARS-CoV-2 induced cytotoxicity of VERO-E6 cells after 48 hours  exposure to 0.01 MOI SARS CoV-2 virus by high content imaging","",2020,"0","386.45","4.81"
"CHEMBL154745","Nc1nccc2c1ncn2[C@@H]1C=C(CO)[C@@H](O)[C@H]1O","IC50","'='",2070,"nM",5.68,"CHEMBL4303835","SARS-CoV-2","CHEMBL4495565","Determination of IC50 values for inhibition of SARS-CoV-2 induced cytotoxicity of VERO-E6 cells after 48 hours  exposure to 0.01 MOI SARS CoV-2 virus by high content imaging","",2020,"0","262.27","-0.79"
"CHEMBL137648","O=C(CCCN1CCC2(CC1)C(=O)N(Cc1cccc(F)c1)CN2c1ccccc1)c1ccc(F)cc1","IC50","'='",7660,"nM",5.12,"CHEMBL4303835","SARS-CoV-2","CHEMBL4495565","Determination of IC50 values for inhibition of SARS-CoV-2 induced cytotoxicity of VERO-E6 cells after 48 hours  exposure to 0.01 MOI SARS CoV-2 virus by high content imaging","",2020,"2","503.59","5.27"
"CHEMBL19980","C[C@H]1CCC/C=C/[C@@H]2C[C@H](O)C[C@H]2[C@H](O)/C=C/C(=O)O1","IC50","'='",20,"nM",7.7,"CHEMBL4303835","SARS-CoV-2","CHEMBL4495565","Determination of IC50 values for inhibition of SARS-CoV-2 induced cytotoxicity of VERO-E6 cells after 48 hours  exposure to 0.01 MOI SARS CoV-2 virus by high content imaging","",2020,"0","280.36","1.96"
"CHEMBL270995","Cc1cc2c(F)c(Oc3ncnn4cc(OC[C@@H](C)OC(=O)[C@H](C)N)c(C)c34)ccc2[nH]1","IC50","'='",6500,"nM",5.19,"CHEMBL4303835","SARS-CoV-2","CHEMBL4495565","Determination of IC50 values for inhibition of SARS-CoV-2 induced cytotoxicity of VERO-E6 cells after 48 hours  exposure to 0.01 MOI SARS CoV-2 virus by high content imaging","",2020,"0","441.46","3.42"
"CHEMBL1116","O=C(c1ccc(OCCN2CCCCC2)cc1)c1c(-c2ccc(O)cc2)sc2cc(O)ccc12","IC50","'='",15440,"nM",4.81,"CHEMBL4303835","SARS-CoV-2","CHEMBL4495565","Determination of IC50 values for inhibition of SARS-CoV-2 induced cytotoxicity of VERO-E6 cells after 48 hours  exposure to 0.01 MOI SARS CoV-2 virus by high content imaging","",2020,"1","510.06","6.08"
"CHEMBL1256832","Oc1cc2c(cc1O)[C@H]1c3ccccc3CN[C@@H]1CC2","IC50","'='",1050,"nM",5.98,"CHEMBL4523582","Replicase polyprotein 1ab","CHEMBL4495564","SARS-CoV-2 3CL-Pro protease inhibition IC50 determined by FRET kind of response from peptide substrate","",2020,"0","303.79","2.65"
"CHEMBL274619","Nc1nc(N)c2nc(CNc3ccc(C(=O)NC(CCC(=O)O)C(=O)O)cc3)cnc2n1","IC50","'='",350,"nM",6.46,"CHEMBL4303835","SARS-CoV-2","CHEMBL4495565","Determination of IC50 values for inhibition of SARS-CoV-2 induced cytotoxicity of VERO-E6 cells after 48 hours  exposure to 0.01 MOI SARS CoV-2 virus by high content imaging","",2020,"1","440.42","0.24"
"CHEMBL329522","O=C(c1cc(O)c(O)c(O)c1)c1ccc(O)c(O)c1O","IC50","'='",4380,"nM",5.36,"CHEMBL4523582","Replicase polyprotein 1ab","CHEMBL4495564","SARS-CoV-2 3CL-Pro protease inhibition IC50 determined by FRET kind of response from peptide substrate","",2020,"1","278.22","1.15"
"CHEMBL1449651","S=C(S)N1CCCC1","IC50","'='",210,"nM",6.68,"CHEMBL4523582","Replicase polyprotein 1ab","CHEMBL4495564","SARS-CoV-2 3CL-Pro protease inhibition IC50 determined by FRET kind of response from peptide substrate","",2020,"0","164.30","1.30"
"CHEMBL1254577","O=C(NCCN1CCC2(CC1)C(=O)NCN2c1cccc(F)c1)c1ccc2ccccc2c1","IC50","'='",11640,"nM",4.93,"CHEMBL4303835","SARS-CoV-2","CHEMBL4495565","Determination of IC50 values for inhibition of SARS-CoV-2 induced cytotoxicity of VERO-E6 cells after 48 hours  exposure to 0.01 MOI SARS CoV-2 virus by high content imaging","",2020,"0","446.53","3.14"
"CHEMBL376488","COc1nc2ccc(Br)cc2cc1[C@@H](c1ccccc1)[C@@](O)(CCN(C)C)c1cccc2ccccc12","IC50","'='",4360,"nM",5.36,"CHEMBL4523582","Replicase polyprotein 1ab","CHEMBL4495564","SARS-CoV-2 3CL-Pro protease inhibition IC50 determined by FRET kind of response from peptide substrate","",2020,"2","555.52","7.13"
"CHEMBL80713","COc1ccc(CNc2nc(N(CCO)CCO)nc3c2ncn3C(C)C)cc1","IC50","'='",7950,"nM",5.1,"CHEMBL4303835","SARS-CoV-2","CHEMBL4495565","Determination of IC50 values for inhibition of SARS-CoV-2 induced cytotoxicity of VERO-E6 cells after 48 hours  exposure to 0.01 MOI SARS CoV-2 virus by high content imaging","",2020,"0","400.48","1.82"
"CHEMBL3622372","C[C@@H]1COCCN1c1cc(=O)n2c(n1)N(Cc1cncc(Cl)c1)[C@H](C(F)(F)F)CC2","IC50","'='",10000,"nM",5,"CHEMBL4303835","SARS-CoV-2","CHEMBL4495565","Determination of IC50 values for inhibition of SARS-CoV-2 induced cytotoxicity of VERO-E6 cells after 48 hours  exposure to 0.01 MOI SARS CoV-2 virus by high content imaging","",2020,"0","443.86","2.86"
"CHEMBL583042","Cc1cnc(Nc2ccc(F)cc2Cl)nc1-c1c[nH]c(C(=O)N[C@H](CO)c2cccc(Cl)c2)c1","IC50","'='",5540,"nM",5.26,"CHEMBL4303835","SARS-CoV-2","CHEMBL4495565","Determination of IC50 values for inhibition of SARS-CoV-2 induced cytotoxicity of VERO-E6 cells after 48 hours  exposure to 0.01 MOI SARS CoV-2 virus by high content imaging","",2020,"2","500.36","5.43"
"CHEMBL558752","Cn1c(Nc2ccc(C(F)(F)F)cc2)nc2cc(Oc3ccnc(-c4ncc(C(F)(F)F)[nH]4)c3)ccc21","IC50","'='",14640,"nM",4.83,"CHEMBL4303835","SARS-CoV-2","CHEMBL4495565","Determination of IC50 values for inhibition of SARS-CoV-2 induced cytotoxicity of VERO-E6 cells after 48 hours  exposure to 0.01 MOI SARS CoV-2 virus by high content imaging","",2020,"2","518.42","6.93"
"CHEMBL119","COc1cc(NCc2ccc3nc(N)nc(N)c3c2C)cc(OC)c1OC","IC50","'='",330,"nM",6.48,"CHEMBL4303835","SARS-CoV-2","CHEMBL4495565","Determination of IC50 values for inhibition of SARS-CoV-2 induced cytotoxicity of VERO-E6 cells after 48 hours  exposure to 0.01 MOI SARS CoV-2 virus by high content imaging","",2020,"0","369.43","2.74"
"CHEMBL1201236","C[C@@](Cc1ccc(O)c(O)c1)(NN)C(=O)O","IC50","'='",3550,"nM",5.45,"CHEMBL4523582","Replicase polyprotein 1ab","CHEMBL4495564","SARS-CoV-2 3CL-Pro protease inhibition IC50 determined by FRET kind of response from peptide substrate","",2020,"0","226.23","-0.05"
"CHEMBL1624459","c1ccc(CNc2nc(NCc3ccccc3)c3ccccc3n2)cc1","IC50","'='",2137.96,"nM",5.67,"CHEMBL4303835","SARS-CoV-2","CHEMBL4303773","IC50 for antiviral activity against SARS-CoV-2 in the Vero E6 cell line at 48 h by immunofluorescence-based assay (detecting the viral NP protein in the nucleus of the Vero E6 cells).","Nature",2020,"0","340.43","4.85"
"CHEMBL1403575","Nc1c(C(=O)NCc2ccco2)c2nc3ccccc3nc2n1CCN1CCCCC1","IC50","'='",31180,"nM",4.51,"CHEMBL4303835","SARS-CoV-2","CHEMBL4495565","Determination of IC50 values for inhibition of SARS-CoV-2 induced cytotoxicity of VERO-E6 cells after 48 hours  exposure to 0.01 MOI SARS CoV-2 virus by high content imaging","",2020,"0","418.50","3.18"
"CHEMBL4303620","O=S(=O)(NCC1CC1)c1ccc(Nc2nccc(N3CCCc4cc(O)ccc43)n2)cc1","IC50","'='",1310,"nM",5.88,"CHEMBL4303835","SARS-CoV-2","CHEMBL4495565","Determination of IC50 values for inhibition of SARS-CoV-2 induced cytotoxicity of VERO-E6 cells after 48 hours  exposure to 0.01 MOI SARS CoV-2 virus by high content imaging","",2020,"0","451.55","3.70"
"CHEMBL1382627","Nc1ccc(S(=O)(=O)[N-]c2ncccn2)cc1","IC50","'='",750,"nM",6.12,"CHEMBL4523582","Replicase polyprotein 1ab","CHEMBL4495564","SARS-CoV-2 3CL-Pro protease inhibition IC50 determined by FRET kind of response from peptide substrate","",2020,"0","357.14","0.86"
"CHEMBL3349001","CC[C@H](CC#N)OC(=O)N[C@@H](C)c1cccc(NC(=O)Nc2ccc(-c3cnco3)c(OC)c2)c1","IC50","'='",1140,"nM",5.94,"CHEMBL4303835","SARS-CoV-2","CHEMBL4495565","Determination of IC50 values for inhibition of SARS-CoV-2 induced cytotoxicity of VERO-E6 cells after 48 hours  exposure to 0.01 MOI SARS CoV-2 virus by high content imaging","",2020,"1","477.52","5.47"
"CHEMBL1200865","CCOC(=O)O[C@]1(C(=O)OCCl)CC[C@H]2[C@@H]3CCC4=CC(=O)C=C[C@]4(C)[C@H]3[C@@H](O)C[C@@]21C","IC50","'='",17920,"nM",4.75,"CHEMBL4303835","SARS-CoV-2","CHEMBL4303101","Determination of IC50 values for inhibition of SARS-CoV-2 induced cytotoxicity of Caco-2 cells after 48 hours by high content imaging","",2020,"0","466.96","3.92"
"CHEMBL365442","Cc1c(O)cccc1C(=O)NC(CSc1ccccc1)C(O)CN1CC2CCCCC2CC1C(=O)NC(C)(C)C","IC50","'='",14310,"nM",4.84,"CHEMBL4303835","SARS-CoV-2","CHEMBL4495565","Determination of IC50 values for inhibition of SARS-CoV-2 induced cytotoxicity of VERO-E6 cells after 48 hours  exposure to 0.01 MOI SARS CoV-2 virus by high content imaging","",2020,"1","567.80","4.75"
"CHEMBL505670","O=[N+]([O-])c1ccc(Sc2cccc[n+]2[O-])c2nonc12","IC50","'='",100,"nM",7,"CHEMBL4523582","Replicase polyprotein 1ab","CHEMBL4495564","SARS-CoV-2 3CL-Pro protease inhibition IC50 determined by FRET kind of response from peptide substrate","",2020,"0","290.26","1.92"
"CHEMBL3752910","Cc1ccc(C(=O)Nc2cccc(C(F)(F)F)c2)cc1Nc1nc(-c2cccnc2)nc2c1cnn2C","IC50","'='",5260,"nM",5.28,"CHEMBL4303835","SARS-CoV-2","CHEMBL4495565","Determination of IC50 values for inhibition of SARS-CoV-2 induced cytotoxicity of VERO-E6 cells after 48 hours  exposure to 0.01 MOI SARS CoV-2 virus by high content imaging","",2020,"2","503.49","5.75"
"CHEMBL3963349","COC(=O)CC[C@H](NC(=O)[C@H](CC(=O)OC)NC(=O)OCc1ccccc1)C(=O)N[C@H](C(=O)N[C@@H](CC(=O)OC)C(=O)CF)C(C)C","IC50","'='",10,"nM",8,"CHEMBL4523582","Replicase polyprotein 1ab","CHEMBL4495564","SARS-CoV-2 3CL-Pro protease inhibition IC50 determined by FRET kind of response from peptide substrate","",2020,"2","668.67","0.01"
"CHEMBL527026","CCN1CCC(n2cc(CNc3cc(Cl)c4ncc(C#N)c(Nc5ccc(F)c(Cl)c5)c4c3)nn2)CC1","IC50","'='",16640,"nM",4.78,"CHEMBL4303835","SARS-CoV-2","CHEMBL4495565","Determination of IC50 values for inhibition of SARS-CoV-2 induced cytotoxicity of VERO-E6 cells after 48 hours  exposure to 0.01 MOI SARS CoV-2 virus by high content imaging","",2020,"2","539.45","6.16"
"CHEMBL270299","CC(C)(C)c1ccc(S(=O)(=O)/C=C/C#N)cc1","IC50","'='",840,"nM",6.08,"CHEMBL4523582","Replicase polyprotein 1ab","CHEMBL4495564","SARS-CoV-2 3CL-Pro protease inhibition IC50 determined by FRET kind of response from peptide substrate","",2020,"0","249.34","2.80"
"CHEMBL1908308","CC[C@@]1([C@@H]2O[C@@H]([C@H]3O[C@@](O)(CO)[C@H](C)C[C@@H]3C)C[C@@H]2C)CC[C@H]([C@]2(C)CC[C@]3(C[C@H](O)[C@@H](C)[C@@H]([C@@H](C)[C@@H](OC)[C@H](C)C(=O)[O-])O3)O2)O1","IC50","'='",3180,"nM",5.5,"CHEMBL4303835","SARS-CoV-2","CHEMBL4495565","Determination of IC50 values for inhibition of SARS-CoV-2 induced cytotoxicity of VERO-E6 cells after 48 hours  exposure to 0.01 MOI SARS CoV-2 virus by high content imaging","",2020,"1","692.86","4.27"
"CHEMBL2144958","c1ccc(-c2ccc(CNc3nc(-c4ccccn4)nnc3-c3ccccc3)cc2)cc1","IC50","'='",31950,"nM",4.5,"CHEMBL4303835","SARS-CoV-2","CHEMBL4495565","Determination of IC50 values for inhibition of SARS-CoV-2 induced cytotoxicity of VERO-E6 cells after 48 hours  exposure to 0.01 MOI SARS CoV-2 virus by high content imaging","",2020,"1","415.50","5.88"
"CHEMBL270515","CC(C)C[C@H](NC(=O)[C@@H](NC(=O)c1cccc(-c2ccccc2)n1)[C@@H](C)O)B(O)O","IC50","'='",1300,"nM",5.89,"CHEMBL4303835","SARS-CoV-2","CHEMBL4495565","Determination of IC50 values for inhibition of SARS-CoV-2 induced cytotoxicity of VERO-E6 cells after 48 hours  exposure to 0.01 MOI SARS CoV-2 virus by high content imaging","",2020,"None","413.28","None"
